Flight_Time_s,T_Climb_s,T_Hover_s,T_Dash_s,T_Loiter_s,T_Fig8_s,T_Land_s,Payload_kg,Wind_ms,Cruise_Alt_m,Avg_Speed_ms,SOC_Start,SOC_End,Battery_Consumed_Pct
3145,98,1965,231,395,392,64,7.387647591,4,93,3.607961887,100,0.01,99.99
3122,91,1934,336,352,349,60,2.422261201,9,92,4.70090179,100,55.87730212,44.12269788
2342,82,1317,390,206,288,59,2.612713471,14,86,3.152444368,100,65.7755807,34.2244193
2587,56,1680,331,232,223,65,6.668799357,5,91,3.523427789,100,20.43491262,79.56508738
2873,94,1960,309,227,230,53,3.712507223,11,99,2.79960689,100,46.73805466,53.26194534
2571,77,1473,270,366,317,68,3.152834163,15,94,4.173807711,100,57.54539817,42.45460183
2841,72,1779,387,226,314,63,3.357953622,14,97,4.054898815,100,50.83490296,49.16509704
2732,56,1654,338,350,290,44,3.691297189,4,60,4.170697544,100,49.44539689,50.55460311
3011,46,1962,200,355,364,84,7.43669285,4,69,3.98354214,100,0.01,99.99
2231,48,1136,374,316,310,47,4.098587219,6,63,5.825963917,100,55.41275904,44.58724096
2252,51,1240,283,209,381,88,5.543358355,7,94,3.88259289,100,42.19780331,57.80219669
2380,54,1404,219,226,389,88,4.68014215,7,80,3.759577294,100,47.04385824,52.95614176
2795,79,1732,330,290,309,55,1.888567029,5,83,3.472239796,100,65.66162616,34.33837384
2800,96,1776,297,287,289,55,2.728207598,13,90,3.211983514,100,57.87116324,42.12883676
3080,61,1939,376,310,325,69,4.820015167,15,80,4.045671584,100,29.53566634,70.46433366
2471,53,1436,262,385,286,49,3.458101147,10,68,4.024408001,100,56.47633034,43.52366966
2569,76,1711,244,223,259,56,7.868364459,9,97,2.66607618,100,4.737781366,95.26221863
2647,69,1579,247,292,393,67,4.80107885,3,77,3.48704605,100,39.93515432,60.06484568
2943,42,1886,383,360,219,53,3.005363514,10,81,3.913422013,100,52.86461951,47.13538049
3023,83,1904,379,267,340,50,5.918231684,4,73,3.838743345,100,16.87403616,83.12596384
2569,89,1577,236,248,378,41,6.336482692,10,61,4.114443898,100,25.14298982,74.85701018
2081,42,1071,304,219,364,81,2.591526447,18,80,5.108765514,100,69.68046183,30.31953817
2627,66,1826,216,226,234,59,2.474125376,13,89,3.294411786,100,62.61654341,37.38345659
2367,57,1432,203,397,233,45,6.721868545,3,94,3.743666276,100,26.93048108,73.06951892
2551,56,1423,310,389,283,90,2.787769617,10,75,4.881324709,100,60.87220299,39.12779701
2240,100,1171,206,312,377,74,6.057141913,13,72,4.82975222,100,37.6817063,62.3182937
2368,51,1428,296,224,318,51,3.897957549,9,67,4.654663478,100,54.32793556,45.67206444
2432,84,1344,317,221,382,84,5.289411488,6,75,3.890626986,100,40.12614286,59.87385714
2187,65,1094,320,294,339,75,3.194731994,12,93,4.026939564,100,63.62772299,36.37227701
2915,83,1969,306,265,221,71,1.718424934,3,86,3.015688335,100,65.71648405,34.28351595
3052,67,1876,304,389,328,88,4.252443973,3,91,3.037235714,100,37.20762479,62.79237521
2925,80,1845,269,356,335,40,5.894794975,6,69,3.608232217,100,20.14259262,79.85740738
2656,59,1785,294,207,235,76,4.014012764,17,84,2.604865083,100,47.81065759,52.18934241
2603,56,1766,237,257,218,69,2.492687803,7,79,3.088866756,100,62.78697308,37.21302692
2615,52,1709,247,223,322,62,5.052855245,9,88,3.799415785,100,37.85940725,62.14059275
2721,55,1614,317,308,374,53,5.802640887,15,78,4.015800825,100,26.75522179,73.24477821
2786,73,1721,305,399,243,45,2.274894517,17,73,3.961962145,100,62.19939956,37.80060044
2917,96,1973,238,227,339,44,1.913343911,8,64,3.192307161,100,63.88487937,36.11512063
2066,61,1150,317,252,208,78,4.94723742,16,81,4.28359291,100,52.01083832,47.98916168
1940,66,1019,266,285,254,50,4.375615035,13,69,4.618433283,100,59.37245476,40.62754524
2366,63,1216,358,390,265,74,4.294489161,17,93,4.869503848,100,50.97764368,49.02235632
2182,75,1154,240,281,350,82,6.917753871,15,77,4.995304572,100,30.87943428,69.12056572
2424,51,1495,229,211,370,68,3.570407595,11,92,2.824357651,100,56.41965776,43.58034224
3081,77,1990,306,296,361,51,6.028336804,11,98,4.445817582,100,13.32492502,86.67507498
2818,45,1626,332,346,379,90,7.355541175,11,80,4.846292197,100,0.01,99.99
2214,91,1209,311,326,206,71,5.279402171,17,91,3.642263547,100,45.61772047,54.38227953
2645,42,1635,256,308,339,65,1.821961764,10,74,2.970620819,100,68.15284263,31.84715737
2672,74,1640,283,241,390,44,4.393690574,4,81,4.448684913,100,43.46301178,56.53698822
2387,85,1063,372,387,397,83,2.423267292,4,64,5.137867068,100,66.5693067,33.4306933
2301,58,1333,293,330,205,82,4.836953221,5,92,3.265768426,100,47.52051071,52.47948929
2350,94,1118,398,308,342,90,7.05164967,7,82,4.240198984,100,24.06510036,75.93489964
2394,43,1522,267,235,241,86,4.194396503,9,71,3.719731957,100,51.41887436,48.58112564
2266,76,1300,226,242,379,43,4.545043299,17,87,4.304035575,100,50.91537037,49.08462963
2136,67,1101,400,266,259,43,1.849403549,9,69,4.217590554,100,74.07240245,25.92759755
2536,95,1534,221,365,267,54,1.801283222,10,72,3.735610967,100,69.53889173,30.46110827
2347,87,1288,339,311,279,43,1.567188019,2,90,4.795755405,100,73.39167848,26.60832152
2708,94,1799,347,210,214,44,3.694295116,12,91,3.151451801,100,50.00632571,49.99367429
2780,60,1654,350,317,348,51,7.629552907,13,92,3.549744294,100,0.01,99.99
2319,88,1368,241,217,355,50,7.808890413,16,90,3.363280683,100,16.495409,83.504591
2144,57,1237,306,218,281,45,5.086560458,5,75,4.143021985,100,48.98158892,51.01841108
2621,66,1656,222,387,237,53,6.59878129,6,64,4.031731452,100,20.31989435,79.68010565
2581,67,1610,211,263,355,75,4.66942454,15,92,2.921674011,100,42.84356681,57.15643319
2395,46,1632,225,226,219,47,2.345984428,3,65,2.768994265,100,67.13370553,32.86629447
2173,73,1184,242,215,383,76,2.775617995,7,66,3.68684374,100,67.04112603,32.95887397
2756,44,1684,280,397,280,71,3.537288435,4,82,4.203786805,100,50.61829734,49.38170266
2815,72,1833,320,267,260,63,3.978743829,4,66,3.816322581,100,45.00117081,54.99882919
2548,57,1317,331,392,388,63,3.837441067,11,77,4.971170537,100,51.53909293,48.46090707
2055,52,1098,365,235,232,73,6.465336638,14,69,4.907258334,100,39.25073286,60.74926714
2699,89,1749,224,305,265,67,4.857628354,13,96,3.400028976,100,38.07089526,61.92910474
2987,49,1922,359,316,288,53,4.198107013,5,76,3.291921336,100,39.14917161,60.85082839
2946,63,1816,263,363,358,83,2.986351634,3,90,4.238778667,100,52.86057479,47.13942521
2300,100,1224,331,321,277,47,5.631799028,18,80,4.33037944,100,40.09521867,59.90478133
2949,50,1958,253,385,244,59,4.237229649,5,61,3.525087359,100,39.46904071,60.53095929
2272,78,1021,383,360,349,81,5.660757564,5,63,4.780071297,100,40.69817619,59.30182381
2886,89,1987,206,307,217,80,5.51231501,11,75,2.51211806,100,26.04034862,73.95965138
2468,94,1626,227,243,236,42,1.93515068,17,100,3.150393416,100,69.2702113,30.7297887
2771,100,1767,267,333,249,55,5.506882653,17,64,3.49358414,100,29.0752145,70.9247855
2257,71,1082,344,400,271,89,4.931004398,8,87,5.532884269,100,47.63114956,52.36885044
2815,87,1694,201,369,385,79,7.262535101,9,74,3.060415654,100,2.31067614,97.68932386
2356,78,1236,235,366,354,87,3.958209891,13,61,4.128278867,100,54.3064136,45.6935864
2661,73,1773,262,235,268,50,2.684478786,3,64,3.317267421,100,60.32268626,39.67731374
2874,100,1812,297,379,227,59,7.391368101,12,80,2.770088452,100,0.01,99.99
2965,79,1833,280,350,367,56,7.463709911,14,98,4.091259721,100,0.01,99.99
2870,70,1695,395,265,368,77,7.864339361,11,82,3.831280075,100,0.01,99.99
2558,76,1661,209,270,290,52,1.707497092,8,99,3.112834542,100,70.0021629,29.9978371
2902,62,1807,301,298,376,58,7.065184898,6,89,4.03040375,100,0.359752499,99.6402475
2553,62,1620,363,203,216,89,7.762946864,2,78,4.065935905,100,7.274486241,92.72551376
2223,61,1121,377,218,386,60,3.003045805,8,86,4.045037625,100,64.4988358,35.5011642
2116,58,1046,239,344,345,84,3.725427771,14,61,5.395162092,100,60.67764555,39.32235445
2462,91,1433,294,312,254,78,1.95944818,17,83,4.081747372,100,69.11760821,30.88239179
2076,80,1133,204,312,260,87,5.704262831,7,80,3.677216646,100,45.48731453,54.51268547
2550,84,1577,205,289,329,66,3.363032528,15,100,4.304532964,100,55.88321973,44.11678027
2186,80,1206,331,214,281,74,7.591375331,16,75,4.795468587,100,23.86271928,76.13728072
2587,63,1455,249,357,377,86,6.77117521,10,98,4.830528739,100,19.17154877,80.82845123
2330,93,1285,335,333,224,60,5.392642668,4,82,4.573237164,100,41.54791501,58.45208499
2647,90,1610,315,265,291,76,6.158353314,6,71,4.289853731,100,24.75920111,75.24079889
2225,59,1246,268,275,309,68,6.18556186,2,96,4.385666941,100,36.7210799,63.2789201
1876,48,1060,216,232,265,55,4.087850717,10,76,5.032506419,100,62.70047821,37.29952179
2574,100,1554,303,266,286,65,5.00938311,3,60,3.733952637,100,39.55499122,60.44500878
2965,94,1932,238,251,380,70,7.270304901,3,62,3.334801702,100,0.01,99.99
2757,77,1696,344,269,303,68,5.483262327,15,80,3.569404808,100,29.69062073,70.30937927
2899,63,1776,347,286,339,88,5.153364296,13,66,4.124713374,100,29.93628941,70.06371059
2092,90,1015,373,215,334,65,6.086217078,3,92,4.920986243,100,41.59480538,58.40519462
2555,41,1435,367,324,304,84,5.215502215,4,68,4.331747735,100,37.76586628,62.23413372
3006,91,1917,398,301,254,45,7.402339321,3,64,3.395046537,100,0.01,99.99
2609,76,1441,389,331,290,82,5.306459317,14,80,3.967362838,100,35.52161363,64.47838637
2457,46,1444,260,280,367,60,5.100265928,13,81,3.888853765,100,41.36817265,58.63182735
2152,65,1119,299,341,248,80,3.842917807,4,75,3.784205712,100,59.22643627,40.77356373
2328,50,1138,320,381,388,51,4.060242275,2,63,3.917996177,100,54.00536244,45.99463756
2550,98,1431,393,353,201,74,3.944072254,10,79,3.399610936,100,50.6740959,49.3259041
2547,92,1402,263,322,382,86,5.693337113,11,88,3.940585509,100,32.89361579,67.10638421
2235,50,1336,237,264,281,67,3.661714148,16,84,3.814286546,100,59.05325573,40.94674427
2601,89,1728,235,272,237,40,5.092758866,6,61,2.574914693,100,38.08069317,61.91930683
2630,86,1576,350,329,224,65,6.047510412,12,72,3.727827052,100,26.6777754,73.3222246
2660,40,1532,256,390,382,60,2.098959951,4,74,4.103301698,100,65.49994834,34.50005166
2715,83,1650,346,275,316,45,5.864339178,16,61,4.086333486,100,26.31135549,73.68864451
2309,96,1391,254,230,279,59,7.868473956,6,62,3.879711864,100,16.29469936,83.70530064
2527,67,1569,212,299,329,51,4.327764666,3,65,3.421778109,100,47.41510641,52.58489359
2463,77,1600,234,218,251,83,7.811989004,16,94,3.287436516,100,10.65329278,89.34670722
2293,45,1321,302,212,345,68,6.047619487,14,97,4.334386246,100,36.19570305,63.80429695
2413,46,1270,305,395,342,55,6.894885808,16,81,4.85233032,100,23.62752809,76.37247191
2147,97,1061,317,257,366,49,7.027322693,17,71,4.44695927,100,31.12917323,68.87082677
2217,74,1169,229,295,382,68,4.057174791,16,78,4.226025155,100,56.16146035,43.83853965
2989,83,1872,266,330,395,43,1.850109022,15,61,3.810336764,100,63.58882653,36.41117347
3101,51,1993,361,285,346,65,4.190262236,7,84,3.921636337,100,36.75108764,63.24891236
2955,42,1947,353,312,236,65,3.817308068,3,93,3.679209054,100,44.00065815,55.99934185
2545,54,1396,341,312,352,90,7.962579569,16,81,5.072491071,100,2.943330591,97.05666941
2613,94,1541,286,309,343,40,4.977936184,18,99,3.104517065,100,38.88411977,61.11588023
2242,52,1195,265,376,294,60,2.426310612,10,92,4.344760999,100,68.51534427,31.48465573
2885,68,1814,380,286,267,70,7.798012475,8,67,4.077986498,100,0.01,99.99
2024,44,1182,218,293,201,86,6.063431921,8,96,4.642157297,100,43.63580513,56.36419487
2667,61,1781,287,287,209,42,1.509223878,2,86,2.789705348,100,70.36070331,29.63929669
2576,53,1537,353,269,292,72,5.361240704,6,63,5.052258307,100,35.49342509,64.50657491
2818,78,1624,265,361,400,90,2.55022173,14,97,4.421459604,100,59.10207175,40.89792825
2238,62,1208,288,392,224,64,3.009560949,2,65,4.026312861,100,64.19703617,35.80296383
2896,77,1900,238,351,269,61,1.782038065,13,95,3.223337659,100,65.3315611,34.6684389
2789,86,1743,367,231,291,71,6.823503796,12,66,3.801760564,100,11.867318,88.132682
1978,64,1036,349,231,228,70,6.928073531,17,98,5.184030699,100,37.39522401,62.60477599
2392,45,1323,354,247,348,75,3.607002333,8,70,4.410906794,100,56.67519295,43.32480705
2268,73,1263,336,246,291,59,6.881854069,6,93,3.999359629,100,28.49099126,71.50900874
3040,76,1858,398,386,282,40,7.946074186,14,82,4.275887999,100,0.01,99.99
3033,60,1833,311,392,379,58,2.850249043,5,82,3.644882849,100,52.97180189,47.02819811
2861,65,1732,357,273,349,85,3.753431383,12,82,4.066894226,100,46.4228964,53.5771036
2879,49,1839,233,300,400,58,2.342380343,5,69,3.744067502,100,60.31082606,39.68917394
2942,66,1941,201,322,361,51,2.888793803,8,61,3.359518241,100,54.01387172,45.98612828
2887,75,1830,258,280,373,71,6.46120804,16,98,3.652718575,100,13.52426586,86.47573414
2259,88,1105,365,369,271,61,2.824042689,16,100,4.947469838,100,65.21857431,34.78142569
2447,91,1276,325,318,393,44,6.05536075,14,83,4.891969347,100,31.70862425,68.29137575
2289,77,1260,289,369,239,55,4.890332897,3,80,5.188770495,100,47.21382781,52.78617219
3125,99,1973,329,372,280,72,3.695778285,15,79,3.51993644,100,42.0961907,57.9038093
2225,64,997,361,332,381,90,5.136603139,17,100,5.912798387,100,46.50275161,53.49724839
1949,71,704,585,308,206,75,2.204836781,2,86,7.25021732,100,73.87720183,26.12279817
1709,79,626,310,256,376,62,1.883698612,17,81,5.101722883,100,79.10756863,20.89243137
1910,59,852,292,316,321,70,5.421426443,15,90,5.880570941,100,51.96134738,48.03865262
2036,89,881,549,210,244,63,1.730252494,10,78,5.216774521,100,76.04123056,23.95876944
1937,66,667,501,274,389,40,6.63529482,9,99,6.422077517,100,41.22623139,58.77376861
1901,57,672,571,213,316,72,5.572841337,11,93,6.897641793,100,50.94070184,49.05929816
1943,82,983,378,217,211,72,7.120043081,2,86,5.507502256,100,36.90070157,63.09929843
2138,87,966,513,259,230,83,5.992743664,7,92,6.746026635,100,40.88043989,59.11956011
2096,57,880,519,288,289,63,3.260404764,5,92,6.254405776,100,64.54091176,35.45908824
1593,47,676,258,317,214,81,5.88993957,17,71,6.226174352,100,56.89054005,43.10945995
1943,42,730,590,273,262,46,7.518077247,10,89,7.568178854,100,33.20144733,66.79855267
1781,41,811,212,366,268,83,2.380608337,7,97,5.763407149,100,75.22768188,24.77231812
1885,46,919,447,214,213,46,5.27969314,17,70,3.681021889,100,53.96141882,46.03858118
1819,79,807,330,333,223,47,2.100589977,6,92,4.852123349,100,76.47300022,23.52699978
1960,74,771,307,351,380,77,7.767896247,18,60,5.515476196,100,30.53308047,69.46691953
1848,44,720,437,240,327,80,7.599052962,6,76,6.458597003,100,35.95686097,64.04313903
1987,96,799,311,331,384,66,5.730278884,15,80,5.004683927,100,47.68969252,52.31030748
1676,45,761,318,261,221,70,2.782313124,3,99,4.910746257,100,74.57841337,25.42158663
2177,47,934,520,384,227,65,2.508940536,2,71,5.755739014,100,68.86489707,31.13510293
1735,82,764,213,258,361,57,2.62821905,11,76,5.214161731,100,74.54798011,25.45201989
2080,47,929,455,203,380,66,4.822191411,8,63,6.621066983,100,52.66460072,47.33539928
1917,91,749,532,235,226,84,5.441874354,14,82,6.487715,100,51.62242133,48.37757867
1787,49,730,325,379,249,55,5.96368012,14,61,6.079373256,100,51.15204523,48.84795477
1990,82,686,472,312,370,68,6.102070811,4,76,6.893123937,100,44.22532637,55.77467363
1985,66,881,361,236,372,69,4.226865076,8,96,5.923349496,100,59.39557093,40.60442907
1908,81,654,544,240,322,67,2.941014554,5,75,6.988325716,100,69.84115448,30.15884552
2020,84,814,301,384,352,85,1.536744943,15,66,5.399901239,100,77.40464143,22.59535857
2029,92,868,409,260,341,59,2.692933271,14,62,6.275084546,100,69.69732354,30.30267646
1578,45,704,209,285,268,67,7.27109621,16,83,6.763887761,100,47.70547167,52.29452833
2065,63,878,451,290,295,88,3.440246406,7,97,5.942198938,100,63.74497079,36.25502921
2048,68,945,387,300,297,51,3.31888798,9,63,5.931896001,100,64.99264584,35.00735416
2171,48,757,593,329,380,64,1.937991538,17,63,6.847839669,100,72.89541673,27.10458327
1788,54,772,204,322,392,44,5.548722239,5,60,6.129652001,100,54.22572383,45.77427617
2058,61,837,434,334,330,62,7.260528224,6,61,5.06404615,100,31.8854815,68.1145185
1998,90,935,219,309,389,56,6.387541802,6,65,5.06075485,100,41.72238441,58.27761559
2022,99,900,427,260,251,85,5.409091909,15,93,5.323742117,100,49.27542676,50.72457324
1853,47,671,483,367,207,78,6.803917146,3,78,6.961675978,100,42.35456514,57.64543486
1635,75,768,236,204,298,54,3.728658347,12,99,5.04438759,100,69.68751439,30.31248561
1658,66,670,277,323,254,68,3.367772462,4,73,5.552424573,100,71.41745549,28.58254451
2252,56,995,509,295,336,61,6.144065632,13,98,7.123857607,100,36.12990472,63.87009528
2070,91,763,385,366,399,66,2.886257529,8,75,5.184190077,100,67.87557255,32.12442745
1831,69,965,205,231,294,67,6.3036421,11,97,5.762496536,100,47.076499,52.923501
1942,55,653,418,366,368,82,5.777196987,17,62,5.546734864,100,48.43995635,51.56004365
2020,68,934,388,283,301,46,5.038715045,16,68,5.556359081,100,52.37834171,47.62165829
2009,60,760,411,379,356,43,7.158089873,12,65,5.910180799,100,34.46103041,65.53896959
2280,97,927,484,349,380,43,3.965903925,16,71,5.704204005,100,55.69940005,44.30059995
1473,44,634,227,282,224,62,1.528177972,16,73,5.082282287,100,83.62209271,16.37790729
2066,44,896,383,334,340,69,3.798653512,4,96,6.145587103,100,61.12342589,38.87657411
2102,58,869,461,306,343,65,7.205465513,13,85,6.34167481,100,30.65967114,69.34032886
1952,99,686,504,317,280,66,4.735949009,17,80,5.505886624,100,56.40946048,43.59053952
2115,50,643,562,376,400,84,5.733894226,14,80,6.630686827,100,44.03434272,55.96565728
1787,74,773,335,344,202,59,5.040435873,18,61,5.698385288,100,57.9671194,42.0328806
1814,100,782,370,242,238,82,5.052117712,10,97,5.608519624,100,57.18725597,42.81274403
1958,43,874,444,244,281,72,4.94334701,16,89,5.493715093,100,54.66363654,45.33636346
1936,41,647,581,396,206,65,2.329263903,4,82,5.493068805,100,73.55866546,26.44133454
1937,81,751,453,248,314,90,3.078695081,16,95,6.27597662,100,68.47548029,31.52451971
2017,45,813,521,348,228,62,3.342387207,13,94,6.167959139,100,65.39498769,34.60501231
2098,96,914,474,293,252,69,4.610233732,11,74,5.344953607,100,54.13721164,45.86278836
2217,78,966,466,278,348,81,3.575460345,17,70,7.074420054,100,59.81535696,40.18464304
2071,54,954,485,276,250,52,2.052480919,17,84,4.386661197,100,73.55070935,26.44929065
1980,93,923,384,218,313,49,1.824102253,13,91,6.233197861,100,75.92975777,24.07024223
2130,43,921,472,390,218,86,3.807716592,7,81,6.403302794,100,59.78285241,40.21714759
2103,100,807,597,245,279,75,5.496873173,7,80,5.095160382,100,46.60059063,53.39940937
1786,65,639,494,328,214,46,6.359800285,9,62,7.071769397,100,48.04924801,51.95075199
1838,70,627,559,258,254,70,4.729196242,2,100,5.588338326,100,58.93907175,41.06092825
2022,41,951,444,240,304,42,3.894021747,13,79,6.370780253,100,61.13016456,38.86983544
1980,42,896,215,391,349,87,4.379075329,11,95,5.449207698,100,58.46934181,41.53065819
1874,76,772,493,252,219,62,3.065881194,6,81,6.913620375,100,69.56078429,30.43921571
1835,82,696,504,258,255,40,2.358252313,9,86,6.929932389,100,74.58010804,25.41989196
1992,69,826,396,254,398,49,4.340063075,7,75,5.989556294,100,58.43821595,41.56178405
2192,55,832,567,380,296,62,1.712111719,7,95,6.91840242,100,74.08394719,25.91605281
1800,91,715,300,298,346,50,1.859539518,14,72,5.029853631,100,78.15450143,21.84549857
1874,83,947,247,207,320,70,7.846174346,12,68,5.270729225,100,32.88120519,67.11879481
2037,74,845,320,360,359,79,1.548798127,13,81,6.323402324,100,76.97339262,23.02660738
1819,91,924,274,249,210,71,1.8529328,14,74,4.595294925,100,77.84069962,22.15930038
1819,75,901,261,271,228,83,4.821916579,2,91,5.19869641,100,58.69664034,41.30335966
1963,80,671,420,392,319,81,3.288777203,2,73,7.082441648,100,66.53350479,33.46649521
1977,55,754,373,367,365,63,7.25850891,5,100,4.821832554,100,34.51145676,65.48854324
2105,91,756,496,396,305,61,7.518145528,14,75,7.523093722,100,27.52621003,72.47378997
1880,71,910,248,325,269,57,3.602108967,3,68,4.452636545,100,66.09043773,33.90956227
1889,94,801,311,307,315,61,7.115594667,5,83,5.922256018,100,38.74399303,61.25600697
1745,89,757,221,275,355,48,6.067971222,10,60,4.615219234,100,51.6677915,48.3322085
1921,57,875,256,302,344,87,3.574837582,7,97,4.673012835,100,65.49903098,34.50096902
2085,89,918,388,262,338,90,6.374012135,8,90,4.679221488,100,39.24784323,60.75215677
1734,99,639,419,280,221,76,6.892275504,14,91,6.567140331,100,45.50357199,54.49642801
2123,88,789,532,264,396,54,6.589293251,11,85,7.802794529,100,35.8195492,64.1804508
1950,90,981,230,342,247,60,6.382953438,16,62,5.107052642,100,43.12352919,56.87647081
1880,63,854,345,281,274,63,6.911336558,18,70,6.310743626,100,40.7449396,59.2550604
1689,93,624,376,216,313,67,7.418482586,5,80,5.890537106,100,42.99161837,57.00838163
1935,55,981,319,231,272,77,3.015086769,11,91,5.251722693,100,68.93819828,31.06180172
2143,47,755,527,397,373,44,6.055799124,2,88,6.88085736,100,40.37009155,59.62990845
1971,95,642,498,346,344,46,3.034839581,7,73,8.303888184,100,67.96377511,32.03622489
1856,44,817,312,296,337,50,4.807117003,11,78,6.846267622,100,57.86613373,42.13386627
1847,49,635,382,334,367,80,3.62014512,16,84,6.038343993,100,66.43204524,33.56795476
1881,54,786,448,323,224,46,4.571883783,14,89,6.868325701,100,58.94573158,41.05426842
1906,85,728,397,244,388,64,6.282263244,8,71,7.023478392,100,45.1544867,54.8455133
2096,81,863,597,206,285,64,2.936871148,3,82,5.429842202,100,67.00741225,32.99258775
1811,53,858,352,220,275,53,2.041253359,13,83,4.846345478,100,76.91276398,23.08723602
2280,77,912,582,384,277,48,5.549006327,10,69,5.977464318,100,41.45766882,58.54233118
1874,75,604,524,322,296,53,2.239811668,4,92,7.128581874,100,74.78922173,25.21077827
2329,90,925,521,342,372,79,4.626561984,5,70,4.530357772,100,48.96700524,51.03299476
2123,70,981,358,317,321,76,7.956731125,3,68,4.951957851,100,22.52498472,77.47501528
2078,77,882,353,346,378,42,7.081491643,17,76,6.300116176,100,32.757489,67.242511
1974,45,754,400,314,396,65,7.109922362,9,65,7.030927872,100,35.96772105,64.03227895
2070,40,954,362,260,391,63,7.967436702,6,76,6.456181956,100,24.28197852,75.71802148
2201,84,944,339,393,391,50,2.050073151,11,71,4.751749954,100,71.87894264,28.12105736
1901,42,789,458,256,304,52,5.500957219,17,91,6.841154516,100,51.59514742,48.40485258
1976,98,848,266,366,331,67,5.728081606,17,72,5.33255154,100,47.91474501,52.08525499
1848,94,789,263,362,295,45,1.7610165,5,70,6.027369446,100,77.98826801,22.01173199
1999,62,802,506,209,345,75,5.628711467,3,95,6.221959748,100,47.96159201,52.03840799
1921,59,633,405,367,381,76,5.284916258,7,78,6.542823711,100,52.76784188,47.23215812
1876,55,954,278,224,309,56,3.437110864,13,75,5.290696464,100,67.0657615,32.9342385
1847,81,841,338,273,234,80,6.645005209,16,75,5.528682912,100,44.05663008,55.94336992
2136,63,945,386,314,339,89,3.805048555,15,80,5.775962577,100,59.6760024,40.3239976
2018,85,679,594,342,235,83,5.637747727,11,82,7.965329177,100,47.24337333,52.75662667
1749,70,814,279,325,205,56,7.750810021,11,97,4.849907573,100,38.23327912,61.76672088
2108,81,898,537,303,230,59,3.624029294,12,81,5.471179346,100,61.69435004,38.30564996
1765,65,762,360,222,285,71,2.613868466,7,93,6.473730461,100,73.98858869,26.01141131
2260,54,948,411,383,395,69,2.929355062,8,100,4.914813456,100,64.47993754,35.52006246
1746,79,641,480,279,217,50,7.522461828,12,64,7.366309714,100,40.07960259,59.92039741
2151,78,840,564,314,267,88,2.973245393,13,70,6.798354316,100,65.75159163,34.24840837
1991,74,786,372,355,331,73,5.410026858,14,78,5.440268768,100,50.12830721,49.87169279
2144,83,792,492,388,303,86,4.310449375,10,66,5.792512581,100,55.63442649,44.36557351
1891,51,877,285,259,354,65,7.175925711,3,68,5.227902589,100,38.19032329,61.80967671
2163,40,981,507,351,227,57,1.87604387,9,97,6.183427165,100,73.38957681,26.61042319
1836,78,672,429,232,382,43,4.728684409,15,66,7.168076853,100,58.90767876,41.09232124
1741,80,854,291,236,233,47,5.274014058,10,73,5.19474216,100,57.40239243,42.59760757
2136,92,959,275,332,389,89,7.707232862,2,68,5.778455359,100,24.41962197,75.58037803
2237,40,817,545,382,369,84,2.662844982,14,64,5.055506344,100,66.94337352,33.05662648
1909,63,753,308,374,349,62,2.263680971,10,90,6.506733981,100,74.160778,25.839222
1712,47,632,344,366,243,80,7.638153339,4,89,6.274794687,100,40.43481397,59.56518603
1939,96,933,304,242,304,60,1.669951912,15,86,5.937295466,100,77.36012736,22.63987264
1655,67,621,235,360,331,41,7.960373657,12,79,6.630109856,100,39.85677057,60.14322943
1628,40,751,267,308,220,42,6.178710107,3,82,5.112527232,100,54.05970277,45.94029723
2223,49,997,371,392,345,69,7.815347239,8,98,4.956727678,100,20.1027338,79.8972662
1962,100,691,568,329,221,53,6.085367745,2,82,7.408425259,100,45.14023861,54.85976139
1912,55,952,275,352,206,72,6.735816011,3,91,4.751000866,100,41.14079076,58.85920924
1987,69,936,256,347,338,41,3.946662045,5,83,5.143338692,100,61.52407114,38.47592886
1738,66,630,316,312,327,87,7.814037666,3,80,6.870631345,100,37.99129378,62.00870622
1998,98,635,519,318,383,45,2.108377549,13,100,7.017936016,100,73.95862568,26.04137432
2089,84,804,353,382,394,72,1.835323335,10,72,5.808053129,100,74.69535179,25.30464821
1643,82,620,273,209,377,82,5.518961559,8,65,6.783355866,100,57.99978594,42.00021406
2104,52,866,590,325,212,59,4.167696549,4,64,6.660016554,100,57.47191726,42.52808274
1731,77,758,344,217,268,67,3.003307508,2,66,6.321193831,100,72.259486,27.740514
1858,77,620,430,369,300,62,5.695440427,10,78,6.721415896,100,51.14554375,48.85445625
2226,91,866,585,389,222,73,1.683816431,14,66,6.308269722,100,73.95933418,26.04066582
2001,48,856,354,353,331,59,1.932384498,17,79,5.646832443,100,75.19037343,24.80962657
1729,93,607,337,353,268,71,3.710907111,17,72,5.979293588,100,68.0696223,31.9303777
1728,94,622,239,330,353,90,1.566056917,12,78,6.012150591,100,80.46980716,19.53019284
1567,52,274,501,493,200,47,3.869101639,13,65,8.754408081,100,70.11614185,29.88385815
1357,70,226,488,216,315,42,7.170762623,12,71,7.771686763,100,55.87924028,44.12075972
1375,49,130,340,435,357,64,4.540272698,2,77,9.12643401,100,70.32243556,29.67756444
1740,55,225,492,549,370,49,2.353141585,17,79,10.4054431,100,75.8312034,24.1687966
1510,89,228,379,371,361,82,1.518137739,4,65,8.132608952,100,83.1755814,16.8244186
2082,68,291,586,736,315,86,4.53713641,18,94,8.213749344,100,54.77731263,45.22268737
2214,97,263,484,880,400,90,2.579080451,7,80,7.834257027,100,67.80626686,32.19373314
1179,79,261,298,244,252,45,7.730112229,11,66,6.948220704,100,58.68763728,41.31236272
1227,54,105,481,205,322,60,4.222749007,8,79,10.43186356,100,74.94422726,25.05577274
1927,91,253,523,643,342,75,5.740988207,7,70,7.3264499,100,49.13137944,50.86862056
1739,99,217,537,528,309,49,4.955715214,16,73,7.492481241,100,59.68384577,40.31615423
1602,71,236,426,535,264,70,7.75923204,11,86,8.628892722,100,43.34527534,56.65472466
1797,48,256,360,829,261,43,5.936365809,18,97,7.553152337,100,51.06517754,48.93482246
1191,79,203,298,335,218,58,2.038414091,18,68,5.513369915,100,84.93338652,15.06661348
2033,67,168,536,888,325,49,5.417558575,10,60,9.946985899,100,48.90247777,51.09752223
1691,42,157,231,831,370,60,5.269796613,7,65,8.29875641,100,58.69747605,41.30252395
1413,61,158,555,347,226,66,4.297940037,9,66,10.2707527,100,70.71665221,29.28334779
1542,88,167,477,342,392,76,4.116446531,5,97,8.620674245,100,69.18464224,30.81535776
1685,49,181,325,686,379,65,4.378051625,12,66,9.879193215,100,64.57877942,35.42122058
1194,57,254,286,223,287,87,3.621852911,11,93,8.176605664,100,78.28034675,21.71965325
1559,55,232,332,662,202,76,5.203345749,8,70,7.611163839,100,62.29287059,37.70712941
1565,92,260,422,493,225,73,1.717784188,8,76,9.990565573,100,81.39123049,18.60876951
1739,59,292,399,717,202,70,3.284889827,16,95,6.771002839,100,70.56347937,29.43652063
1555,43,178,320,714,220,80,6.747962336,13,83,10.29003521,100,52.13234725,47.86765275
1659,67,235,543,549,209,56,4.960585006,6,92,7.367177323,100,61.50103177,38.49896823
1532,65,259,337,524,273,74,6.611513183,6,86,8.981152093,100,53.83418008,46.16581992
2018,87,246,507,730,369,79,5.7365495,10,83,7.868292424,100,46.68949794,53.31050206
1402,49,129,482,467,215,60,2.223836377,8,100,8.234153006,100,81.31925022,18.68074978
1579,57,105,237,759,342,79,6.692980783,17,65,9.051067326,100,51.91599486,48.08400514
1548,76,105,262,784,239,82,6.86520049,2,85,7.707882859,100,51.75875334,48.24124666
1380,46,293,373,259,344,65,5.862257572,2,73,9.379091205,100,62.76787724,37.23212276
1695,97,121,560,585,285,47,6.397906917,16,73,8.637371972,100,50.58490208,49.41509792
1433,76,228,251,547,262,69,4.407897159,11,70,8.93811309,100,69.74038428,30.25961572
1485,71,213,474,264,375,88,4.27510746,2,98,10.15162927,100,69.25068039,30.74931961
1578,86,215,453,395,368,61,6.998236284,17,63,7.661159111,100,49.83366691,50.16633309
1715,41,186,214,884,304,86,6.91753538,6,85,8.547650478,100,46.00182656,53.99817344
1554,94,143,201,817,247,52,7.24893954,6,75,10.29967204,100,48.72090683,51.27909317
1555,78,240,234,572,378,53,3.479409128,16,86,9.684395314,100,72.41723251,27.58276749
1472,77,243,312,489,272,79,6.95777198,10,69,6.862118177,100,53.52519254,46.47480746
1878,47,290,555,561,336,89,7.363451845,6,65,9.404358736,100,36.89007768,63.10992232
1773,48,190,429,755,284,67,6.389579833,16,65,8.542007057,100,48.26607014,51.73392986
1210,90,169,266,219,392,74,7.344031945,11,97,9.159597637,100,59.58589046,40.41410954
1605,44,254,234,710,290,73,7.60410785,13,95,8.417094428,100,44.35349048,55.64650952
1815,80,159,581,686,241,68,4.954420069,12,66,8.024262894,100,57.91038639,42.08961361
1668,41,101,439,626,384,77,5.12607499,14,96,10.79742006,100,59.99040985,40.00959015
1366,60,217,388,261,366,74,4.721234114,6,72,8.977828713,100,69.49939905,30.50060095
1533,51,204,318,524,385,51,7.80164317,5,70,7.699212033,100,45.69770066,54.30229934
1396,78,179,203,582,302,52,7.39294058,13,60,7.781765046,100,53.23930293,46.76069707
2005,84,230,466,858,307,60,6.971243341,2,61,9.691436305,100,36.1481853,63.8518147
1240,71,198,235,375,289,72,4.363474067,4,87,7.825251458,100,74.13095845,25.86904155
1531,54,114,320,770,215,58,7.95202876,17,89,9.581312136,100,44.4982744,55.5017256
1961,70,157,533,773,388,40,2.528167597,3,65,8.93341297,100,71.76867108,28.23132892
1792,63,184,456,752,254,83,1.547812003,3,86,7.294460594,100,79.96679511,20.03320489
1559,76,263,526,262,346,86,6.869662668,5,90,7.52891421,100,51.25547224,48.74452776
1358,52,123,459,275,397,52,1.959469896,6,78,9.414720407,100,82.9633856,17.0366144
1694,73,257,277,723,295,69,6.808519273,16,84,9.388541405,100,47.34429463,52.65570537
1653,41,276,520,427,334,55,2.051345988,7,70,9.531329945,100,78.57070856,21.42929144
1538,44,259,346,610,236,43,3.332742827,4,98,9.021678137,100,73.56656187,26.43343813
1277,51,229,201,398,328,70,6.874693936,7,66,8.61280474,100,60.15229344,39.84770656
1260,44,211,309,292,340,64,7.928183133,4,73,8.237105592,100,54.67226525,45.32773475
1777,66,234,419,626,373,59,2.157894498,5,67,8.14412889,100,76.58317466,23.41682534
2007,60,286,560,796,251,54,2.518529184,2,90,9.114309369,100,71.12550867,28.87449133
1358,86,178,381,293,352,68,6.059068984,10,91,10.60994114,100,62.14228585,37.85771415
1650,56,134,466,575,366,53,6.68737741,5,86,11.00820789,100,49.58011803,50.41988197
1715,48,239,406,580,362,80,4.302711382,10,67,7.69536223,100,64.51661278,35.48338722
1400,44,136,212,708,228,72,3.298108376,4,80,11.31303704,100,76.04359498,23.95640502
1700,55,247,265,845,244,44,5.180645323,8,92,7.985474127,100,58.93671675,41.06328325
1812,65,289,200,887,314,57,6.502085775,15,63,9.708616749,100,46.11322531,53.88677469
1855,61,166,571,730,257,70,3.448600566,4,82,10.4662873,100,67.31316677,32.68683323
1510,80,257,299,588,246,40,6.999990238,17,91,6.795129241,100,51.99028106,48.00971894
2082,85,260,564,883,224,66,1.641916122,8,91,7.338959567,100,76.00508571,23.99491429
1744,48,127,523,567,389,90,5.640648192,18,93,11.05381875,100,54.42153104,45.57846896
1461,48,184,403,427,337,62,3.912721201,5,76,8.224224273,100,71.99765053,28.00234947
1460,45,149,446,413,354,53,6.654652851,15,77,10.59350264,100,55.73620222,44.26379778
1419,93,179,383,345,352,67,3.427651554,11,61,10.37563306,100,75.04295165,24.95704835
1217,78,205,304,235,347,48,6.056485633,3,74,7.593750368,100,66.33700444,33.66299556
1199,51,287,218,368,201,74,3.186278412,11,71,8.284405957,100,80.04897368,19.95102632
1385,73,128,352,477,315,40,5.220706025,4,97,8.801378114,100,66.42238799,33.57761201
1322,68,109,354,453,257,81,7.559274603,3,83,10.71647534,100,54.5366589,45.4633411
1578,95,183,261,578,388,73,6.743111382,15,78,6.212356278,100,51.68753885,48.31246115
1363,51,158,385,443,263,63,3.183438524,16,76,9.175201281,100,77.31385231,22.68614769
1196,85,134,247,322,326,82,1.680388244,13,69,8.062961311,100,86.13093158,13.86906842
1789,92,205,391,823,213,65,2.577464335,14,80,8.70614559,100,73.86835146,26.13164854
1374,100,165,255,469,313,72,6.268188359,5,85,6.981407733,100,60.76065273,39.23934727
1660,82,136,522,560,310,50,3.547457259,4,82,7.743626266,100,70.35547183,29.64452817
1580,67,231,321,625,256,80,4.922182613,11,92,8.221609832,100,63.51098613,36.48901387
1996,97,290,381,768,386,74,7.701564872,9,92,8.93602343,100,29.61431984,70.38568016
1424,94,209,500,287,291,43,4.137021991,9,75,9.84343074,100,71.30544095,28.69455905
1105,89,265,276,217,211,47,6.073735673,17,87,8.350894707,100,69.26410025,30.73589975
1569,50,165,521,410,355,68,5.567991079,2,67,8.884951261,100,59.74855966,40.25144034
1621,47,126,251,855,254,88,6.249207363,15,82,8.333381699,100,53.70216801,46.29783199
1911,40,218,585,795,201,72,7.171450336,8,86,7.437591121,100,37.56211711,62.43788289
1363,43,176,489,266,334,55,2.241387499,11,74,9.583816076,100,81.64893015,18.35106985
1257,61,250,365,239,278,64,2.487037934,9,84,6.035800963,100,82.23571698,17.76428302
1648,52,148,512,632,228,76,3.473683212,15,93,7.94500591,100,70.95845001,29.04154999
1455,96,119,350,582,222,86,4.505504889,14,76,6.598963084,100,68.91494537,31.08505463
1582,81,195,322,561,342,81,7.385175683,12,85,6.51920127,100,46.96202127,53.03797873
2061,50,270,584,739,375,43,3.523464178,7,72,10.69476804,100,62.97529154,37.02470846
1482,78,243,322,384,384,71,3.606627838,12,86,9.158191304,100,73.06940251,26.93059749
1107,59,150,280,248,310,60,5.580031814,5,63,9.413163603,100,71.52968078,28.47031922
1331,43,189,415,293,308,83,4.666692766,8,90,7.117440391,100,70.69841806,29.30158194
1644,54,237,255,641,372,85,2.511459158,3,68,6.829329446,100,76.49790587,23.50209413
1792,67,133,359,845,302,86,4.661016256,13,74,9.023804945,100,60.47575663,39.52424337
1199,48,159,266,422,222,82,7.954741633,3,63,8.745860298,100,56.73012728,43.26987272
1575,48,273,310,572,304,68,2.918763271,14,99,7.88992526,100,75.29382494,24.70617506
1450,58,281,237,423,378,73,4.18720759,9,73,7.449786777,100,70.59326306,29.40673694
1682,62,259,239,867,200,55,4.580666062,4,88,10.00120198,100,63.20977724,36.79022276
1394,40,195,300,415,394,50,4.377812495,15,61,10.2242102,100,70.65614234,29.34385766
1393,79,125,232,662,205,90,2.966049841,11,81,8.320133075,100,77.89384388,22.10615612
1600,76,175,541,358,360,90,3.929926959,14,82,10.44857435,100,68.90241265,31.09758735
1554,63,108,433,595,271,84,6.117476338,13,71,9.470736071,100,56.51071192,43.48928808
1509,49,131,403,622,232,72,5.556101051,7,85,7.17773439,100,61.4444693,38.5555307
1506,96,180,352,615,213,50,6.584749878,6,94,7.157693062,100,54.90187325,45.09812675
1337,44,193,212,504,312,72,5.238459483,5,89,8.664292006,100,67.47134489,32.52865511
1479,63,180,330,589,259,58,6.114352907,4,61,9.410974505,100,58.66593349,41.33406651
1410,57,210,568,263,251,61,5.596456361,13,74,11.08128906,100,63.36350392,36.63649608
1973,66,244,567,823,227,46,7.346889067,5,83,10.16011101,100,33.53965114,66.46034886
1460,52,176,438,388,325,81,5.745056021,2,96,9.473519194,100,61.39415174,38.60584826
1802,41,216,537,590,368,50,6.240061999,13,64,9.556815873,100,48.59366825,51.40633175
1371,73,156,298,400,393,51,2.631135767,6,85,9.170949027,100,79.75202586,20.24797414
1330,72,264,484,230,229,51,2.832553639,9,82,7.242035181,100,79.55551007,20.44448993
1323,58,252,344,287,324,58,2.606837829,5,70,8.065845612,100,80.66370287,19.33629713
1862,80,140,584,666,308,84,1.945173861,16,74,8.528289151,100,76.72154237,23.27845763
1849,67,232,502,764,205,79,1.63908776,10,82,10.13373491,100,78.48708828,21.51291172
1126,55,163,320,229,306,53,1.994758075,6,83,7.876917324,100,85.82396206,14.17603794
1792,55,199,543,707,240,48,7.658832178,17,76,8.215753299,100,37.47974499,62.52025501
1388,69,192,406,390,246,85,7.104768032,13,75,7.56006849,100,55.2491077,44.7508923
1333,66,224,424,358,221,40,5.42367854,8,97,9.565024789,100,66.46294493,33.53705507
2053,54,248,556,802,320,73,3.597240408,15,62,9.34190009,100,62.7239356,37.2760644
1564,52,222,339,703,205,43,4.315690024,6,97,8.30006762,100,67.53681372,32.46318628
1349,96,129,367,396,320,41,2.070516444,7,98,8.58112864,100,82.64988899,17.35011101
1373,50,112,363,524,240,84,3.598736284,3,62,7.294897165,100,75.32290736,24.67709264
1324,77,105,329,525,219,69,1.649587991,17,84,7.058730971,100,84.8236815,15.1763185
1845,54,283,531,511,397,69,4.428200188,11,73,6.459995406,100,60.98856421,39.01143579
1737,79,223,388,605,383,59,6.768837876,9,69,8.713174663,100,46.44919183,53.55080817
1180,58,180,407,243,246,46,4.252911663,6,69,8.773716735,100,75.86996898,24.13003102
1751,45,296,461,523,373,53,7.286790461,2,64,8.847956492,100,41.86434668,58.13565332
1127,87,163,223,230,363,61,3.638339483,18,93,8.399244639,100,79.47474148,20.52525852
1296,54,176,308,351,327,80,4.900322461,17,75,7.776726121,100,70.30914486,29.69085514
1713,92,162,331,788,298,42,7.325665249,14,68,10.46888828,100,42.80611811,57.19388189
1443,93,157,463,362,325,43,4.273370508,6,91,8.757331267,100,70.32612543,29.67387457
1712,40,284,364,713,230,81,5.464804718,8,99,8.476223126,100,56.6740943,43.3259057
1384,82,132,200,593,309,68,6.556625998,14,97,9.092637606,100,58.66671491,41.33328509
1402,42,208,495,327,285,45,7.528711598,18,88,11.05803684,100,51.8512477,48.1487523
1377,65,248,558,218,227,61,6.570796978,11,72,10.08747568,100,58.6365209,41.3634791
1294,100,125,344,333,343,49,4.90884172,14,91,8.611093358,100,70.23675076,29.76324924
1117,75,138,401,235,211,57,1.610494344,2,100,10.38192313,100,87.11565655,12.88434345
1603,60,287,298,558,348,52,7.297855798,13,85,9.387514647,100,46.67466318,53.32533682
1166,62,155,306,358,200,85,4.998003743,17,94,9.340642711,100,72.70515212,27.29484788
1677,60,205,309,703,356,44,5.259736536,7,78,11.6601533,100,58.72030969,41.27969031
2052,64,299,280,398,921,90,5.136603139,17,100,9.328862577,100,50.61181047,49.38818953
1277,71,152,393,362,224,75,2.204836781,2,86,9.644469057,100,82.95436896,17.04563104
1697,79,113,255,284,904,62,1.883698612,17,81,7.564854026,100,79.25784387,20.74215613
1658,59,226,246,374,683,70,5.421426443,15,90,9.909991348,100,58.20426863,41.79573137
1357,89,240,375,215,375,63,1.730252494,10,78,7.412987698,100,84.01168311,15.98831689
1854,66,133,351,310,954,40,6.63529482,9,99,9.837909887,100,43.72280989,56.27719011
1536,57,136,386,220,665,72,5.572841337,11,93,8.836439216,100,60.51672366,39.48327634
1205,82,292,289,225,245,72,7.120043081,2,86,8.170016446,100,61.00442266,38.99557734
1419,87,283,357,288,321,83,5.992743664,7,92,9.47175639,100,60.87233107,39.12766893
1609,57,240,360,332,557,63,3.260404764,5,92,9.606523741,100,72.71582243,27.28417757
1129,47,138,229,376,258,81,5.88993957,17,71,9.324479282,100,69.54673149,30.45326851
1404,42,165,395,309,447,46,7.518077247,10,89,10.36039791,100,51.9822331,48.0177669
1456,41,206,206,448,472,83,2.380608337,7,97,9.196561291,100,79.72151855,20.27848145
1152,46,260,324,221,255,46,5.27969314,17,70,5.449913392,100,71.93309894,28.06690106
1287,79,203,265,399,294,47,2.100589977,6,92,7.432174088,100,83.32148172,16.67851828
1934,74,185,253,426,919,77,7.767896247,18,60,9.102202532,100,31.38202035,68.61797965
1572,44,160,318,261,709,80,7.599052962,6,76,9.1127498,100,45.68758857,54.31241143
1947,96,200,255,396,934,66,5.730278884,15,80,7.580608437,100,48.67626319,51.32373681
1130,45,180,259,292,284,70,2.782313124,3,99,7.558909739,100,82.87401673,17.12598327
1524,47,267,360,476,309,65,2.508940536,2,71,8.435749037,100,78.17880278,21.82119722
1656,82,182,206,288,841,57,2.62821905,11,76,8.805647961,100,75.58863909,24.41136091
1827,47,265,328,204,917,66,4.822191411,8,63,10.4113304,100,58.28763284,41.71236716
1271,91,174,366,253,303,84,5.441874354,14,82,8.367238313,100,68.02653055,31.97346945
1398,49,165,263,469,397,55,5.96368012,14,61,9.330656012,100,61.80332613,38.19667387
1877,82,143,336,367,881,68,6.102070811,4,76,9.328186135,100,47.45905249,52.54094751
1795,66,241,280,254,885,69,4.226865076,8,96,10.07435833,100,63.10376094,36.89623906
1593,81,127,372,260,686,67,2.941014554,5,75,10.05479614,100,74.7860616,25.2139384
1909,84,207,250,476,807,85,1.536744943,15,66,7.699931312,100,78.6188627,21.3811373
1742,92,234,305,289,763,59,2.692933271,14,62,9.360322429,100,73.89669738,26.10330262
1268,45,152,204,327,473,67,7.27109621,16,83,10.91454411,100,58.04783593,41.95216407
1630,63,239,326,335,579,88,3.440246406,7,97,8.085084295,100,71.38732497,28.61267503
1624,68,273,293,349,590,51,3.31888798,9,63,9.05771129,100,72.18985077,27.81014923
2000,48,179,397,394,918,64,1.937991538,17,63,10.21183463,100,74.92163576,25.07836424
1836,54,186,202,383,967,44,5.548722239,5,60,10.04796213,100,52.84402574,47.15597426
1778,61,219,317,400,719,62,7.260528224,6,61,7.661651932,100,41.29425293,58.70574707
1942,90,267,210,364,955,56,6.387541802,6,65,7.913053006,100,43.34583619,56.65416381
1442,99,250,314,289,405,85,5.409091909,15,93,7.420482727,100,63.89640098,36.10359902
1278,47,135,341,450,227,78,6.803917146,3,78,8.970288792,100,60.47876549,39.52123451
1331,75,184,218,207,593,54,3.728658347,12,99,8.982253257,100,75.22301528,24.77698472
1307,66,135,238,385,415,68,3.367772462,4,73,8.332525036,100,77.52763483,22.47236517
1858,56,298,355,343,745,61,6.144065632,13,98,10.16067122,100,47.42933378,52.57066622
2072,91,182,292,448,993,66,2.886257529,8,75,8.061867415,100,67.75524198,32.24475802
1445,69,283,202,247,577,67,6.3036421,11,97,10.18007405,100,58.15593236,41.84406764
1891,55,126,309,449,870,82,5.777196987,17,62,8.141777628,100,49.81896269,50.18103731
1601,68,267,294,324,602,46,5.038715045,16,68,9.397816826,100,62.13334083,37.86665917
1880,60,180,305,469,823,43,7.158089873,12,65,8.332305537,100,38.71070448,61.28929552
2089,97,264,342,423,920,43,3.965903925,16,71,8.760549821,100,59.29382646,40.70617354
1057,44,117,213,323,298,62,1.528177972,16,73,7.903148723,100,88.27005732,11.72994268
1813,44,248,291,401,760,69,3.798653512,4,96,9.140692668,100,65.84052773,34.15947227
1819,58,234,331,359,772,65,7.205465513,13,85,8.513407508,100,40.22314914,59.77685086
1557,99,143,352,375,522,66,4.735949009,17,80,7.498034003,100,65.28435949,34.71564051
2099,50,121,381,463,1000,84,5.733894226,14,80,9.861309522,100,44.35074033,55.64925967
1212,74,186,267,416,210,59,5.040435873,18,61,8.461090147,100,71.50830458,28.49169542
1276,100,191,285,264,354,82,5.052117712,10,97,8.563894601,100,69.86300538,30.13699462
1465,43,237,322,266,525,72,4.94334701,16,89,7.984107476,100,66.09516049,33.90483951
1338,41,124,391,493,224,65,2.329263903,4,82,7.60449256,100,81.73596342,18.26403658
1604,81,176,327,273,657,90,3.078695081,16,95,8.205094709,100,73.92149174,26.07850826
1408,45,206,360,422,313,62,3.342387207,13,94,8.722538195,100,75.85045193,24.14954807
1507,96,257,337,340,408,69,4.610233732,11,74,8.243168082,100,67.07662633,32.92337367
1884,78,283,333,317,792,81,3.575460345,17,70,10.74677309,100,65.71346138,34.28653862
1438,54,277,343,313,399,52,2.052480919,17,84,6.639733948,100,81.63951941,18.36048059
1574,93,262,292,227,651,49,1.824102253,13,91,10.20891779,100,80.66886196,19.33113804
1483,43,261,336,484,273,86,3.807716592,7,81,8.96196959,100,72.0051419,27.9948581
1563,100,203,399,268,518,75,5.496873173,7,80,7.263625879,100,60.36558471,39.63441529
1227,65,119,347,391,259,46,6.359800285,9,62,9.294920088,100,64.47960621,35.52039379
1334,70,113,380,286,415,70,4.729196242,2,100,8.356840043,100,70.20826144,29.79173856
1558,41,276,322,261,616,42,3.894021747,13,79,9.071626279,100,70.02896094,29.97103906
1865,42,248,207,487,794,87,4.379075329,11,95,8.738185837,100,60.81301103,39.18698897
1223,76,186,346,278,275,62,3.065881194,6,81,9.553898511,100,80.14280439,19.85719561
1331,82,148,352,287,422,40,2.358252313,9,86,9.450680707,100,81.58810385,18.41189615
1902,69,213,298,281,992,49,4.340063075,7,75,10.24661238,100,60.10455136,39.89544864
1772,55,216,384,469,586,62,1.712111719,7,95,9.032695557,100,79.09262732,20.90737268
1678,91,157,250,347,783,50,1.859539518,14,72,8.087515395,100,79.5679182,20.4320818
1540,83,274,223,211,679,70,7.846174346,12,68,9.50637285,100,44.88260201,55.11739799
1913,74,223,260,440,837,79,1.548798127,13,81,8.848462473,100,78.35146675,21.64853325
1178,91,262,237,274,243,71,1.8529328,14,74,6.96581177,100,85.60017426,14.39982574
1260,75,250,230,307,315,83,4.821916579,2,91,8.05209758,100,71.36050239,28.63949761
1771,80,135,310,488,677,81,3.288777203,2,73,9.72607407,100,69.87109486,30.12890514
1891,55,177,286,450,860,63,7.25850891,5,100,7.119372784,100,37.41262238,62.58737762
1790,91,178,348,493,619,61,7.518145528,14,75,10.29706052,100,38.5739827,61.4260173
1472,71,255,224,388,477,57,3.602108967,3,68,7.293686638,100,73.45131518,26.54868482
1629,94,200,255,360,659,61,7.115594667,5,83,8.704358067,100,47.23310832,52.76689168
1658,89,179,210,312,820,48,6.067971222,10,60,7.774762072,100,54.02381195,45.97618805
1741,57,238,228,354,777,87,3.574837582,7,97,7.379843474,100,68.67281268,31.32718732
1775,89,259,294,293,750,90,6.374012135,8,90,7.284482143,100,48.35633776,51.64366224
1209,99,119,309,321,285,76,6.892275504,14,91,9.19185956,100,62.13568456,37.86431544
1981,88,195,366,297,981,54,6.589293251,11,85,11.43851232,100,39.98468701,60.01531299
1457,90,291,215,413,388,60,6.382953438,16,62,8.361383421,100,57.52816871,42.47183129
1443,63,227,273,322,495,63,6.911336558,18,70,9.995474111,100,54.55588524,45.44411476
1436,93,112,288,225,651,67,7.418482586,5,80,8.90470875,100,51.63038466,48.36961534
1418,55,291,259,247,489,77,3.015086769,11,91,8.655926789,100,77.18707039,22.81292961
2018,47,178,364,495,890,44,6.055799124,2,88,9.534547416,100,43.87054574,56.12945426
1804,95,121,349,419,774,46,3.034839581,7,73,11.13454763,100,70.71686567,29.28313433
1650,44,208,256,344,748,50,4.807117003,11,78,10.78006705,100,62.47178816,37.52821184
1804,49,118,291,401,865,80,3.62014512,16,84,9.924182482,100,67.01474246,32.98525754
1300,54,193,324,385,298,46,4.571883783,14,89,9.355519158,100,71.69480357,28.30519643
1830,85,164,299,266,952,64,6.282263244,8,71,9.874207087,100,47.33320508,52.66679492
1525,81,232,399,210,539,64,2.936871148,3,82,8.561906612,100,75.92915769,24.07084231
1344,53,229,276,231,502,53,2.041253359,13,83,8.279302499,100,82.79567026,17.20432974
1756,77,256,391,476,508,48,5.549006327,10,69,8.661806749,100,54.95370029,45.04629971
1559,75,102,362,383,584,53,2.239811668,4,92,10.03704205,100,79.01142059,20.98857941
2093,90,262,361,413,888,79,4.626561984,5,70,6.983469577,100,54.12240749,45.87759251
1776,70,291,279,375,685,76,7.956731125,3,68,7.470172699,100,35.53555586,64.46444414
1966,77,241,277,419,910,42,7.081491643,17,76,9.955450957,100,36.30880716,63.69119284
1940,45,177,300,371,982,65,7.109922362,9,65,10.81283665,100,36.96731704,63.03268296
1912,40,277,281,290,961,63,7.967436702,6,76,10.25575728,100,30.13961394,69.86038606
2127,84,272,269,489,963,50,2.050073151,11,71,8.049926487,100,72.67509657,27.32490343
1514,42,194,329,283,614,52,5.500957219,17,91,10.26373679,100,61.43659015,38.56340985
1795,98,224,233,448,725,67,5.728081606,17,72,8.210312885,100,52.65358021,47.34641979
1589,94,194,231,444,581,45,1.7610165,5,70,9.917913778,100,80.87992745,19.12007255
1686,62,201,353,214,781,75,5.628711467,3,95,8.013005964,100,56.20501363,43.79498637
1928,59,116,303,450,924,76,5.284916258,7,78,10.3441347,100,52.40641875,47.59358125
1498,55,277,239,236,635,56,3.437110864,13,75,8.139235111,100,73.71332933,26.28667067
1296,81,220,269,309,337,80,6.645005209,16,75,8.320777932,100,60.84165053,39.15834947
1845,63,273,293,371,756,89,3.805048555,15,80,9.5444259,100,65.08836001,34.91163999
1458,85,140,397,413,340,83,5.637747727,11,82,10.05110491,100,62.04545525,37.95454475
1180,70,207,239,387,221,56,7.750810021,11,97,7.290716388,100,58.50133717,41.49866283
1434,81,249,369,355,321,59,3.624029294,12,81,7.85325506,100,73.91440758,26.08559242
1369,65,181,280,233,539,71,2.613868466,7,93,9.176910554,100,79.84194885,20.15805115
2158,54,274,306,475,980,69,2.929355062,8,100,7.437941591,100,66.06702466,33.93297534
1177,79,121,340,319,268,50,7.522461828,12,64,9.868965737,100,59.82435301,40.17564699
1607,78,220,382,371,468,88,2.973245393,13,70,9.223184954,100,74.39556599,25.60443401
1781,74,193,286,432,723,73,5.410026858,14,78,7.535123617,100,55.44044758,44.55955242
1807,83,196,346,482,614,86,4.310449375,10,66,8.181756428,100,62.62616051,37.37383949
1700,51,238,242,289,815,65,7.175925711,3,68,9.211604171,100,44.39798291,55.60201709
1479,40,291,354,426,311,57,1.87604387,9,97,8.95629237,100,81.78134067,18.21865933
1746,78,136,315,249,925,43,4.728684409,15,66,10.50330951,100,60.91719144,39.08280856
1187,80,227,246,254,333,47,5.274014058,10,73,7.971928248,100,70.95892473,29.04107527
2049,92,280,237,398,953,89,7.707232862,2,68,9.866933538,100,27.42167668,72.57832332
2056,40,209,373,473,877,84,2.662844982,14,64,7.817981061,100,69.55538799,30.44461201
1809,63,176,254,461,793,62,2.263680971,10,90,10.62413342,100,75.30044811,24.69955189
1335,47,116,272,449,371,80,7.638153339,4,89,9.432532355,100,53.66320357,46.33679643
1557,96,267,252,264,618,60,1.669951912,15,86,9.679245364,100,81.65027705,18.34972295
1600,67,110,217,440,725,41,7.960373657,12,79,9.800150756,100,41.93597783,58.06402217
1133,40,175,233,362,281,42,6.178710107,3,82,8.086182358,100,68.09261268,31.90738732
1969,49,299,285,487,780,69,7.815347239,8,98,7.332702407,100,29.57855004,70.42144996
1359,100,145,384,393,284,53,6.085367745,2,82,9.620248294,100,62.12970671,37.87029329
1293,55,276,237,428,225,72,6.735816011,3,91,7.320932813,100,60.35086475,39.64913525
1779,69,268,228,420,753,41,3.946662045,5,83,8.387481601,100,65.51863648,34.48136352
1601,66,115,258,368,707,87,7.814037666,3,80,10.09016074,100,42.98205496,57.01794504
1927,98,117,360,377,930,45,2.108377549,13,100,9.348454442,100,74.90501826,25.09498174
2079,84,202,276,472,973,72,1.835323335,10,72,8.210487969,100,74.74025135,25.25974865
1632,82,110,237,213,908,82,5.518961559,8,65,10.5749964,100,58.26437158,41.73562842
1376,52,233,395,387,250,59,4.167696549,4,64,9.150324344,100,72.2079886,27.7920114
1294,77,179,272,226,473,67,3.003307508,2,66,9.277527361,100,79.26564166,20.73435834
1617,77,110,315,453,600,62,5.695440427,10,78,9.005833737,100,57.5874624,42.4125376
1562,91,233,392,483,290,73,1.683816431,14,66,7.966583266,100,81.73033969,18.26966031
1764,48,228,277,430,722,59,1.932384498,17,79,8.168255067,100,78.08349664,21.91650336
1439,93,103,268,430,474,71,3.710907111,17,72,8.652993799,100,73.45512083,26.54487917
1721,94,111,219,395,812,90,1.566056917,12,78,8.969587714,100,80.53240386,19.46759614
1546,52,187,350,710,200,47,3.869101639,13,65,9.452151218,100,70.51815555,29.48184445
1560,70,163,344,511,430,42,7.170762623,12,71,8.054760556,100,49.20510863,50.79489137
1680,49,115,270,668,514,64,4.540272698,2,77,9.914653251,100,63.66436926,36.33563074
1902,55,163,346,749,540,49,2.353141585,17,79,10.76850437,100,73.60026797,26.39973203
1769,89,164,290,622,522,82,1.518137739,4,65,8.597180449,100,80.27755846,19.72244154
2056,68,196,393,883,430,86,4.53713641,18,94,7.841451938,100,55.52717121,44.47282879
2296,97,181,342,986,600,90,2.579080451,7,80,8.057058942,100,66.62793259,33.37206741
1391,79,181,249,532,305,45,7.730112229,11,66,7.811680863,100,51.19341442,48.80658558
1504,54,102,341,503,444,60,4.222749007,8,79,9.585297384,100,69.34171503,30.65828497
2006,91,177,362,817,484,75,5.740988207,7,70,7.801779262,100,47.04989426,52.95010574
1827,99,159,368,734,418,49,4.955715214,16,73,8.049060592,100,57.62758905,42.37241095
1689,71,168,313,739,328,70,7.75923204,11,86,9.070958946,100,40.27002194,59.72997806
1822,48,178,280,950,323,43,5.936365809,18,97,7.971800525,100,50.39145718,49.60854282
1371,79,152,249,597,236,58,2.038414091,18,68,5.885458095,100,82.64410982,17.35589018
2061,67,134,368,992,451,49,5.417558575,10,60,10.32503966,100,48.14753691,51.85246309
1935,42,128,215,951,539,60,5.269796613,7,65,8.575996458,100,52.71135274,47.28864726
1491,61,129,378,605,252,66,4.297940037,9,66,9.785966022,100,69.14348595,30.85651405
1822,88,133,339,602,584,76,4.116446531,5,97,9.667496603,100,63.48107782,36.51892218
1920,49,140,262,847,557,65,4.378051625,12,66,10.07489325,100,59.63460338,40.36539662
1456,57,177,243,517,375,87,3.621852911,11,93,9.596123569,100,73.50837849,26.49162151
1598,55,166,266,830,205,76,5.203345749,8,70,8.102577359,100,61.33889418,38.66110582
1615,92,180,311,709,250,73,1.717784188,8,76,10.57723454,100,80.7964324,19.2035676
1700,59,196,300,870,205,70,3.284889827,16,95,7.218580842,100,71.23608432,28.76391568
1630,43,139,260,867,241,80,6.747962336,13,83,10.48306947,100,49.85017551,50.14982449
1630,67,167,372,749,219,56,4.960585006,6,92,7.918359314,100,62.16683272,37.83316728
1665,65,180,268,731,347,74,6.611513183,6,86,9.723090279,100,49.75333989,50.24666011
2109,87,173,353,879,538,79,5.7365495,10,83,8.01391569,100,44.2593107,55.7406893
1484,49,114,341,690,230,60,2.223836377,8,100,7.870217495,100,80.24901747,19.75098253
1840,57,102,218,899,485,79,6.692980783,17,65,9.431274904,100,43.84302874,56.15697126
1686,76,102,231,917,278,82,6.86520049,2,85,7.724001817,100,47.3789145,52.6210855
1623,46,197,286,542,487,65,5.862257572,2,73,10.08717669,100,56.21318331,43.78681669
1780,97,110,380,775,371,47,6.397906917,16,73,8.751952017,100,48.06306205,51.93693795
1606,76,164,225,748,324,69,4.407897159,11,70,9.735540588,100,66.07784551,33.92215449
1747,71,156,337,546,549,88,4.27510746,2,98,10.38115232,100,63.85906388,36.14093612
1807,86,158,327,639,536,61,6.998236284,17,63,8.566369145,100,42.47597995,57.52402005
1874,41,143,207,988,409,86,6.91753538,6,85,8.939611054,100,40.90597891,59.09402109
1702,94,121,200,941,294,52,7.24893954,6,75,10.57329246,100,43.76465514,56.23534486
1840,78,170,217,766,556,53,3.479409128,16,86,10.36940131,100,67.37208133,32.62791867
1635,77,172,256,706,345,79,6.95777198,10,69,7.419928623,100,48.30472068,51.69527932
1939,47,195,378,758,472,89,7.363451845,6,65,10.0094264,100,34.80420909,65.19579091
1839,48,145,315,896,368,67,6.389579833,16,65,8.355679736,100,46.35062822,53.64937178
1629,90,135,233,514,583,74,7.344031945,11,97,9.174554494,100,45.45240995,54.54759005
1755,44,177,217,865,379,73,7.60410785,13,95,8.927640061,100,39.11045413,60.88954587
1797,80,129,391,847,282,68,4.954420069,12,66,8.374973076,100,58.31469121,41.68530879
1910,41,100,319,805,568,77,5.12607499,14,96,10.35995068,100,54.22376338,45.77623662
1662,60,159,294,543,532,74,4.721234114,6,72,8.997650899,100,62.88851377,37.11148623
1815,51,152,259,731,571,51,7.80164317,5,70,8.116981742,100,35.50247619,64.49752381
1647,78,139,201,773,404,52,7.39294058,13,60,8.213668537,100,44.72079746,55.27920254
2026,84,165,333,970,414,60,6.971243341,2,61,10.28461616,100,35.41598085,64.58401915
1513,71,149,217,625,379,72,4.363474067,4,87,8.495466865,100,68.41806146,31.58193854
1616,54,107,260,907,230,58,7.95202876,17,89,9.896570053,100,41.35527869,58.64472131
2089,70,128,366,909,576,40,2.528167597,3,65,8.739916918,100,69.9077931,30.0922069
1818,63,142,328,894,308,83,1.547812003,3,86,7.515999473,100,79.66773924,20.33226076
1744,76,182,363,544,493,86,6.869662668,5,90,8.636064916,100,45.42062923,54.57937077
1692,52,111,329,554,594,52,1.959469896,6,78,8.734706898,100,78.79590044,21.20409956
1824,73,179,239,874,390,69,6.808519273,16,84,10.14013534,100,43.30840127,56.69159873
1774,41,188,360,662,468,55,2.051345988,7,70,9.386379321,100,77.20344881,22.79655119
1605,44,179,273,793,273,43,3.332742827,4,98,9.3106557,100,72.46937995,27.53062005
1583,51,165,200,641,456,70,6.874693936,7,66,9.637521204,100,50.47165467,49.52834533
1565,44,156,255,566,480,64,7.928183133,4,73,8.338737994,100,43.55135396,56.44864604
1953,66,167,310,805,546,59,2.157894498,5,67,8.913211257,100,74.18841891,25.81158109
1915,60,193,380,926,302,54,2.518529184,2,90,9.580339508,100,72.51725884,27.48274116
1654,86,139,291,566,504,68,6.059068984,10,91,10.65766084,100,53.860317,46.139683
1859,56,117,333,768,532,53,6.68737741,5,86,10.7924018,100,43.15282336,56.84717664
1896,48,170,303,771,524,80,4.302711382,10,67,7.535596448,100,60.83814392,39.16185608
1560,44,118,206,863,257,72,3.298108376,4,80,11.61450557,100,73.27738409,26.72261591
1754,55,173,232,961,289,44,5.180645323,8,92,8.2339601,100,57.70509272,42.29490728
1936,65,195,200,991,428,57,6.502085775,15,63,10.52728868,100,42.34730726,57.65269274
1843,61,133,386,878,315,70,3.448600566,4,82,10.40469316,100,67.52562132,32.47437868
1617,80,179,249,777,292,40,6.999990238,17,91,6.956856666,100,48.56326769,51.43673231
1949,85,180,382,988,248,66,1.641916122,8,91,7.436079404,100,77.58144405,22.41855595
1952,48,113,361,762,578,90,5.640648192,18,93,10.5762035,100,49.03273995,50.96726005
1689,48,142,301,662,474,62,3.912721201,5,76,8.357596033,100,67.57004952,32.42995048
1704,45,124,323,652,507,53,6.654652851,15,77,10.63117373,100,48.25473505,51.74526495
1698,93,139,292,604,503,67,3.427651554,11,61,10.53413396,100,70.19972765,29.80027235
1549,78,153,252,525,493,48,6.056485633,3,74,8.749258855,100,57.07229353,42.92770647
1350,51,193,209,620,203,74,3.186278412,11,71,9.450602692,100,77.55868252,22.44131748
1632,73,114,276,698,431,40,5.220706025,4,97,8.879545645,100,60.41977918,39.58022082
1526,68,104,277,681,315,81,7.559274603,3,83,10.92576421,100,47.46886954,52.53113046
1885,95,142,230,770,575,73,6.743111382,15,78,6.499282798,100,42.15964557,57.84035443
1535,51,129,292,673,327,63,3.183438524,16,76,8.765870712,100,74.51354896,25.48645104
1545,85,117,223,587,451,82,1.680388244,13,69,8.941441644,100,82.02011357,17.97988643
1775,92,152,295,945,226,65,2.577464335,14,80,8.536431699,100,74.14647667,25.85352333
1648,100,132,227,692,425,72,6.268188359,5,85,7.519582639,100,52.80090557,47.19909443
1787,82,118,361,757,419,50,3.547457259,4,82,7.887358604,100,68.06474806,31.93525194
1687,67,165,260,804,311,80,4.922182613,11,92,8.704932183,100,61.03973958,38.96026042
2135,97,195,291,906,572,74,7.701564872,9,92,9.675185128,100,24.46938961,75.53061039
1585,94,155,350,562,381,43,4.137021991,9,75,9.923662717,100,68.06665119,31.93334881
1291,89,183,238,512,222,47,6.073735673,17,87,9.342860392,100,64.10069224,35.89930776
1772,50,132,361,650,511,68,5.567991079,2,67,8.984436636,100,54.53135624,45.46864376
1750,47,113,225,968,309,88,6.249207363,15,82,8.340161075,100,50.00123708,49.99876292
1792,40,159,393,925,203,72,7.171450336,8,86,7.389325125,100,41.57507841,58.42492159
1595,43,138,345,547,467,55,2.241387499,11,74,9.964800247,100,78.48691901,21.51308099
1466,61,175,283,527,356,64,2.487037934,9,84,6.737769088,100,79.26963839,20.73036161
1674,52,124,356,809,257,76,3.473683212,15,93,7.442933326,100,70.55320578,29.44679422
1583,96,109,275,773,244,86,4.505504889,14,76,6.376475984,100,66.15547618,33.84452382
1812,81,148,261,758,483,81,7.385175683,12,85,6.972224254,100,39.11946053,60.88053947
2105,50,185,392,885,550,43,3.523464178,7,72,11.10719753,100,62.24662332,37.75337668
1781,78,172,261,632,567,71,3.606627838,12,86,9.606742433,100,67.61201748,32.38798252
1439,59,125,240,534,421,60,5.580031814,5,63,9.993563438,100,62.98842457,37.01157543
1561,43,144,308,567,416,83,4.666692766,8,90,7.57871803,100,65.60982156,34.39017844
1892,54,168,227,815,543,85,2.511459158,3,68,7.181917578,100,73.01394301,26.98605699
1915,67,116,280,961,405,86,4.661016256,13,74,8.967524698,100,57.76201102,42.23798898
1394,48,129,233,658,244,82,7.954741633,3,63,9.404749315,100,49.63142427,50.36857573
1733,48,187,255,766,409,68,2.918763271,14,99,8.809347709,100,72.78817241,27.21182759
1754,58,191,218,659,555,73,4.18720759,9,73,7.885532597,100,64.44577677,35.55422323
1692,62,180,219,976,200,55,4.580666062,4,88,10.53087826,100,63.06711123,36.93288877
1729,40,148,250,654,587,50,4.377812495,15,61,10.59684494,100,63.59717123,36.40282877
1537,79,112,216,830,210,90,2.966049841,11,81,8.182813017,100,75.60077661,24.39922339
1805,76,137,370,613,519,90,3.929926959,14,82,10.01015917,100,65.01342176,34.98657824
1692,63,104,317,782,342,84,6.117476338,13,71,9.540546882,100,52.59882037,47.40117963
1604,49,115,302,802,264,72,5.556101051,7,85,7.30664843,100,58.97751602,41.02248398
1586,96,140,276,797,227,50,6.584749878,6,94,7.204542227,100,52.48321013,47.51678987
1608,44,146,206,717,423,72,5.238459483,5,89,9.123817399,100,60.85790146,39.14209854
1622,63,140,265,778,318,58,6.114352907,4,61,9.717113378,100,54.62138759,45.37861241
1505,57,155,384,545,303,61,5.596456361,13,74,11.02024683,100,61.02488496,38.97511504
1867,66,172,384,945,254,46,7.346889067,5,83,9.879924925,100,37.31957893,62.68042107
1673,52,138,319,634,449,81,5.745056021,2,96,9.939340414,100,55.7045753,44.2954247
1933,41,158,369,779,536,50,6.240061999,13,64,9.786162754,100,44.80078174,55.19921826
1730,73,128,249,643,586,51,2.631135767,6,85,10.14027013,100,74.35151082,25.64848918
1426,72,182,342,521,258,51,2.832553639,9,82,7.858744745,100,78.10575592,21.89424408
1573,58,176,272,562,447,58,2.606837829,5,70,9.296816285,100,76.95943496,23.04056504
1926,80,120,392,833,417,84,1.945173861,16,74,8.384438181,100,75.92423895,24.07576105
1777,67,166,351,903,211,79,1.63908776,10,82,10.14871012,100,79.38412658,20.61587342
1431,55,131,260,521,411,53,1.994758075,6,83,8.68472661,100,81.93545497,18.06454503
1765,55,149,372,862,279,48,7.658832178,17,76,8.569023877,100,38.43804177,61.56195823
1531,69,146,303,636,292,85,7.104768032,13,75,7.296994646,100,50.66052434,49.33947566
1434,66,162,312,613,241,40,5.42367854,8,97,9.926380144,100,63.9582512,36.0417488
2048,54,174,378,930,439,73,3.597240408,15,62,9.892354806,100,62.80862091,37.19137909
1595,52,161,269,859,211,43,4.315690024,6,97,8.360969493,100,66.92500133,33.07499867
1613,96,114,283,640,439,41,2.070516444,7,98,8.527898505,100,79.23635826,20.76364174
1533,50,106,281,731,281,84,3.598736284,3,62,7.400091629,100,72.44707615,27.55292385
1483,77,102,264,732,239,69,1.649587991,17,84,6.795549505,100,82.99926903,17.00073097
1995,54,192,365,722,593,69,4.428200188,11,73,6.888738859,100,57.85945067,42.14054933
1948,79,162,294,789,565,59,6.768837876,9,69,9.289155544,100,39.83639955,60.16360045
1370,58,140,304,530,292,46,4.252911663,6,69,9.20213654,100,71.95937309,28.04062691
1904,45,198,331,731,546,53,7.286790461,2,64,8.884917807,100,36.77662164,63.22337836
1537,87,131,211,522,525,61,3.638339483,18,93,9.660788435,100,71.93915655,28.06084345
1588,54,138,254,608,454,80,4.900322461,17,75,8.284065995,100,63.54104212,36.45895788
1847,92,131,265,920,397,42,7.325665249,14,68,10.78772514,100,38.2457117,61.7542883
1661,93,128,332,616,449,43,4.273370508,6,91,9.050159523,100,65.77525661,34.22474339
1721,40,192,282,866,260,81,5.464804718,8,99,9.312390476,100,56.43727284,43.56272716
1666,82,116,200,781,419,68,6.556625998,14,97,9.549724602,100,50.18571907,49.81428093
1549,42,154,348,590,370,45,7.528711598,18,88,10.9895212,100,46.8010857,53.1989143
1446,65,174,379,512,255,61,6.570796978,11,72,10.15028008,100,56.65867308,43.34132692
1614,100,112,272,595,486,49,4.90884172,14,91,9.263713707,100,62.79669535,37.20330465
1299,75,119,301,525,222,57,1.610494344,2,100,10.52391369,100,85.01889648,14.98110352
1807,60,194,249,756,496,52,7.297855798,13,85,10.21653066,100,39.80599551,60.19400449
1340,62,127,253,613,200,85,4.998003743,17,94,10.07416717,100,68.6092537,31.3907463
1880,60,152,254,859,511,44,5.259736536,7,78,12.1608738,100,53.70478795,46.29521205
1597,63,134,212,353,761,74,2.825736711,12,69,8.391835472,100,75.50296176,24.49703824
1753,90,196,215,378,825,49,1.834471583,7,82,9.690715838,100,78.58385095,21.41614905
1619,46,114,334,328,749,48,6.087459822,12,69,10.83086458,100,54.80505852,45.19494148
1320,69,111,226,212,631,71,6.699847682,8,75,9.742545345,100,59.76092603,40.23907397
1876,55,172,339,355,899,56,5.650832959,16,76,11.45195573,100,50.81830721,49.18169279
1810,78,146,226,310,988,62,6.524932097,11,80,10.99331955,100,45.83447021,54.16552979
1586,48,200,303,277,700,58,2.221306606,5,84,7.25568417,100,78.90303607,21.09696393
1884,72,183,393,263,919,54,7.520954938,10,76,9.474624542,100,35.31614937,64.68385063
2012,81,172,292,384,996,87,2.111973404,7,60,7.187121232,100,73.95986622,26.04013378
1490,76,166,262,266,675,45,7.381994102,8,78,10.35391825,100,49.90258431,50.09741569
1911,47,196,288,376,946,58,3.806370441,11,71,10.07184112,100,63.77687078,36.22312922
1839,59,182,234,335,951,78,7.119570125,2,85,7.299228041,100,40.40128528,59.59871472
1592,41,164,211,234,874,68,3.833133525,8,69,7.288743024,100,69.97381586,30.02618414
1397,72,182,292,202,601,48,3.372553492,8,60,7.676649067,100,75.93957302,24.06042698
1832,63,190,378,279,870,52,6.168368097,4,75,8.4712408,100,48.29971967,51.70028033
1721,43,168,357,362,706,85,5.560434126,5,98,8.019144198,100,55.86233278,44.13766722
1639,99,184,268,323,721,44,1.593605451,7,84,9.003310034,100,81.2894727,18.7105273
1524,73,155,232,223,759,82,6.864394964,14,81,9.015519002,100,52.39810448,47.60189552
1924,94,191,300,306,964,69,4.755107424,4,67,10.1455316,100,56.66973113,43.33026887
1772,47,165,287,323,895,55,5.799065099,9,91,8.129772705,100,52.8175677,47.1824323
1839,88,166,309,277,929,70,6.930798949,8,61,9.119767962,100,41.92891704,58.07108296
1743,70,103,366,253,871,80,7.919884616,15,92,11.61582849,100,36.74465317,63.25534683
1467,87,133,321,236,635,55,5.729935043,6,87,8.894769462,100,61.39027474,38.60972526
1861,91,163,251,381,907,68,7.409715838,17,69,7.189201113,100,37.26272255,62.73727745
1860,84,168,383,365,820,40,3.892516161,7,96,8.735946961,100,64.3309065,35.6690935
1789,87,121,392,386,746,57,4.845928895,18,63,12.19612041,100,58.88711182,41.11288818
1775,80,160,245,343,890,57,6.157925119,15,88,9.021063923,100,49.93413528,50.06586472
1628,75,129,253,378,746,47,6.983503014,15,61,10.59262296,100,48.19942448,51.80057552
1596,74,163,300,211,806,42,5.730429545,18,98,9.119607301,100,57.86539385,42.13460615
1793,91,150,353,236,877,86,5.36537308,13,94,11.15638265,100,55.09967732,44.90032268
1807,95,147,383,265,877,40,4.282624778,2,66,10.39812694,100,62.56957444,37.43042556
1837,75,196,323,230,936,77,3.656788904,7,81,9.523335892,100,66.25221516,33.74778484
1585,56,162,220,334,739,74,2.548785013,7,64,8.245930354,100,77.19433084,22.80566916
1597,71,119,321,239,764,83,5.922781786,8,72,9.602463974,100,56.54692236,43.45307764
1504,43,138,248,245,743,87,7.516780766,8,77,8.283414677,100,48.69328924,51.30671076
1714,96,110,330,229,878,71,6.721044659,7,80,8.558240924,100,47.54988305,52.45011695
1765,76,125,331,212,977,44,6.686504873,18,61,7.802137206,100,46.36712248,53.63287752
1647,96,133,363,358,649,48,5.731822679,10,73,9.897177905,100,56.47645186,43.52354814
1792,85,195,384,244,804,80,5.96766319,13,77,7.816154222,100,50.99286893,49.00713107
1533,73,175,282,302,651,50,5.513047642,11,81,8.765884835,100,60.95986899,39.04013101
1717,55,110,309,288,877,78,4.424777905,6,72,10.0097267,100,63.58697514,36.41302486
1838,82,171,332,356,832,65,5.188187094,5,76,9.286968738,100,55.50371796,44.49628204
1746,78,103,384,294,808,79,4.054170256,6,96,10.29457817,100,65.36985271,34.63014729
1542,99,170,332,265,607,69,5.568903281,7,73,8.443181837,100,60.41928771,39.58071229
1751,44,117,344,217,968,61,3.220827842,5,61,10.50488721,100,70.61052786,29.38947214
1577,64,143,285,244,799,42,5.21893674,16,63,10.23226948,100,61.64706101,38.35293899
1438,49,100,249,269,693,78,1.819429236,16,83,11.33514985,100,82.37141522,17.62858478
1833,91,121,387,394,750,90,4.414881095,6,69,8.275181622,100,61.3562884,38.6437116
1826,88,167,294,389,837,51,6.446223556,11,65,8.519238559,100,46.30613895,53.69386105
1873,54,194,296,377,912,40,3.584178563,14,88,11.2266353,100,65.79892713,34.20107287
1514,67,132,257,299,672,87,5.957689626,16,91,8.195910723,100,58.72184036,41.27815964
1717,89,146,318,295,821,48,5.344510036,2,98,8.895523753,100,57.37221067,42.62778933
1552,85,120,207,237,831,72,2.506209952,9,84,10.42263796,100,77.63775635,22.36224365
1904,58,179,287,310,995,75,5.637627062,17,74,7.443355798,100,50.59547243,49.40452757
1631,88,130,322,292,717,82,2.12377795,17,99,8.338694541,100,78.68750397,21.31249603
1938,98,176,216,388,990,70,1.95830274,6,83,7.798817435,100,75.79658138,24.20341862
1382,76,166,270,210,618,42,3.649228518,17,99,7.050174515,100,74.85185808,25.14814192
1726,94,198,399,269,717,49,1.601891042,18,62,8.52548592,100,80.2500665,19.7499335
1683,87,143,269,211,928,45,6.167121697,5,90,9.534895946,100,52.42427427,47.57572573
1550,66,197,365,202,656,64,3.287775292,18,60,10.27256464,100,73.51199881,26.48800119
1724,42,142,215,263,979,83,3.404428266,9,83,10.6953004,100,69.72616985,30.27383015
1638,54,120,243,396,753,72,4.983243328,7,67,10.10138639,100,61.62914072,38.37085928
1687,58,123,367,287,803,49,3.008444467,16,61,8.939707555,100,73.03768646,26.96231354
1395,81,117,247,287,610,53,7.394236578,18,66,10.79010649,100,53.06079789,46.93920211
1687,43,162,338,259,829,56,3.532500953,11,100,9.85681635,100,69.81336453,30.18663547
1699,73,185,208,266,884,83,3.875734277,13,93,8.531137464,100,67.54010379,32.45989621
1887,86,161,394,355,829,62,7.965937306,9,80,7.892209426,100,31.33437701,68.66562299
1659,83,136,344,400,633,63,6.390512851,3,71,8.501451951,100,51.66344373,48.33655627
1700,76,120,332,340,784,48,6.213607965,17,63,9.026909378,100,51.73106449,48.26893551
1695,85,181,209,283,890,47,5.374353382,7,77,8.107230438,100,57.81527328,42.18472672
1481,64,149,324,214,657,73,3.104417473,16,85,9.470203468,100,75.77722136,24.22277864
1586,43,167,296,299,725,56,2.274357537,2,68,9.893365123,100,78.38441221,21.61558779
1495,97,104,232,288,730,44,4.427188056,14,97,7.37915193,100,68.45837038,31.54162962
1592,68,162,361,312,609,80,4.097133336,13,93,8.930251546,100,68.23985891,31.76014109
1542,53,109,248,381,687,64,6.848923737,13,71,8.059554232,100,52.05418405,47.94581595
1668,88,194,294,261,776,55,2.759585874,9,97,9.803389678,100,74.58707506,25.41292494
1403,83,168,272,218,603,59,2.40185801,4,71,9.593117374,100,80.27568379,19.72431621
1580,78,165,238,361,678,60,4.407359367,3,92,9.479960722,100,66.61978473,33.38021527
1852,60,199,295,350,868,80,3.269335348,2,69,9.617726383,100,68.54379373,31.45620627
1755,48,186,387,313,759,62,3.345448341,14,71,8.188110578,100,69.926975,30.073025
1905,47,146,349,335,950,78,3.190279439,2,88,11.91806927,100,67.91687166,32.08312834
1567,50,100,331,274,750,62,3.286311951,7,85,8.885043345,100,73.43473488,26.56526512
1798,82,181,371,223,863,78,3.450745004,10,81,7.360926476,100,68.54886253,31.45113747
1703,99,120,397,322,699,66,5.433269949,2,88,8.92660869,100,57.15359074,42.84640926
1454,97,141,202,262,662,90,3.189148678,3,89,7.78731077,100,75.89425896,24.10574104
1734,72,187,270,280,839,86,5.043918869,6,78,10.10889402,100,58.90014076,41.09985924
1576,59,109,288,205,870,45,1.774088213,8,65,9.540471186,100,81.17212699,18.82787301
1500,74,125,346,269,631,55,4.946050001,12,68,10.24434546,100,65.183242,34.816758
1764,52,197,283,246,928,58,1.650937784,4,72,11.22924859,100,79.29284568,20.70715432
1940,74,194,320,398,905,49,6.35988177,16,80,7.816771967,100,43.61587609,56.38412391
1551,47,123,236,335,730,80,5.660988619,16,81,9.018327576,100,59.59112629,40.40887371
1830,96,126,367,235,952,54,2.998617646,13,82,10.62147941,100,70.45652285,29.54347715
1488,95,110,227,372,607,77,6.743654099,5,94,9.953782298,100,54.24716327,45.75283673
1592,92,193,238,210,819,40,2.255432923,10,93,8.277500663,100,78.5658866,21.4341134
1546,88,184,312,200,700,62,7.405538624,13,93,9.900243691,100,47.7738363,52.2261637
1600,54,114,244,364,751,73,7.189014755,3,77,7.846781155,100,47.78176118,52.21823882
1592,58,129,382,299,683,41,4.272127265,12,98,11.01454787,100,67.03236772,32.96763228
1603,69,182,287,372,603,90,3.46521356,18,66,10.3192043,100,71.62129303,28.37870697
1758,84,124,216,371,875,88,1.717856664,4,71,8.997764318,100,79.30426781,20.69573219
1523,63,139,320,204,755,42,4.975697021,17,100,8.292332074,100,64.56524758,35.43475242
1697,68,173,323,381,701,51,4.88254089,3,88,9.408253999,100,61.01674545,38.98325455
1629,100,196,267,231,767,68,6.765841814,13,69,10.02898396,100,49.68743782,50.31256218
1852,50,180,378,228,976,40,7.133590766,17,61,10.21310317,100,39.68695012,60.31304988
1842,42,176,265,304,981,74,1.572590503,5,77,9.03248777,100,79.11990791,20.88009209
1670,73,125,215,318,870,69,5.720919037,13,79,9.417938478,100,56.01029642,43.98970358
1494,48,103,291,313,692,47,4.572006413,7,81,11.53721853,100,67.33610466,32.66389534
1582,59,184,332,318,607,82,3.801458319,10,87,9.441858299,100,70.14500757,29.85499243
1708,78,104,340,251,877,58,6.962732905,7,64,8.621103275,100,45.96614937,54.03385063
1581,59,175,258,224,806,59,2.943922464,17,82,6.954275821,100,75.16241761,24.83758239
1851,84,104,361,281,932,89,3.396815296,12,100,10.0647257,100,67.75905845,32.24094155
1839,60,189,267,359,922,42,1.850381505,15,77,9.765405792,100,77.49362461,22.50637539
1804,85,174,289,370,798,88,7.773745679,9,76,10.00489234,100,35.94600791,64.05399209
1586,81,187,299,257,673,89,2.364789792,6,92,6.866624334,100,78.17537844,21.82462156
1589,50,168,381,270,640,80,7.677297688,13,91,7.084312805,100,44.52767,55.47233
1841,71,175,284,348,875,88,5.967717845,13,79,9.654905819,100,49.5245959,50.4754041
1408,68,131,245,223,653,88,3.724955607,8,72,8.577075336,100,73.92223961,26.07776039
1697,46,159,317,304,782,89,6.363388575,7,80,8.144825028,100,50.72805887,49.27194113
1505,45,158,375,241,637,49,5.136048837,12,67,9.518713473,100,63.93577374,36.06422626
1918,47,168,336,386,932,49,6.260735886,12,87,9.775922133,100,44.97001994,55.02998006
1522,51,139,231,367,660,74,2.797548518,5,98,7.482288413,100,76.83431449,23.16568551
1624,88,136,205,243,885,67,1.596785053,4,90,7.293826485,100,81.58535931,18.41464069
1430,42,111,215,322,693,47,6.302431763,3,95,8.967960747,100,58.87874232,41.12125768
1942,70,149,373,394,904,52,7.546958698,12,81,8.630035679,100,33.09679661,66.90320339
1739,41,194,297,359,783,65,6.435485391,11,87,10.74776717,100,48.72765108,51.27234892
1876,87,183,362,251,921,72,7.296519008,16,77,8.582414822,100,37.61966723,62.38033277
1735,96,160,319,348,749,63,3.97699895,9,69,8.705053754,100,66.26078577,33.73921423
1655,80,120,202,353,827,73,7.536620429,9,80,9.493462366,100,43.20135301,56.79864699
1457,79,168,211,245,667,87,6.273146305,17,86,9.063823764,100,58.20701008,41.79298992
1906,55,168,330,341,935,77,5.87686286,13,81,7.714766624,100,48.58096862,51.41903138
1791,47,175,263,237,993,76,5.294352113,17,60,10.47254081,100,55.73217697,44.26782303
1733,52,153,362,271,819,76,5.940928825,13,93,9.17233886,100,52.71221604,47.28778396
1584,87,179,275,230,741,72,5.684419842,2,68,7.391285818,100,58.64530274,41.35469726
1595,50,111,254,263,843,74,2.106586729,14,98,9.105925296,100,79.23275819,20.76724181
1570,40,104,236,240,888,62,7.956194888,14,100,9.609964671,100,43.04231953,56.95768047
1488,63,109,252,267,750,47,4.033635662,16,94,8.894952407,100,70.77494441,29.22505559
1765,41,170,203,337,952,62,3.32796514,15,72,8.841749783,100,69.82979876,30.17020124
1411,60,123,309,221,654,44,5.309264827,5,85,11.16864401,100,65.05001055,34.94998945
1777,61,186,252,369,833,76,6.782136508,10,72,9.671016129,100,44.97936914,55.02063086
1423,93,102,268,284,632,44,1.560280468,5,74,8.805927601,100,83.93606732,16.06393268
1505,92,180,201,384,607,41,7.35221654,18,62,8.35926247,100,49.78687599,50.21312401
1474,44,106,332,269,651,72,4.999692213,10,89,8.24791398,100,65.64609781,34.35390219
1669,48,125,276,399,736,85,6.734237435,6,90,9.415933741,100,48.78050528,51.21949472
1656,87,102,210,265,920,72,2.930007038,18,69,10.06078636,100,73.85802119,26.14197881
1503,50,134,213,331,697,78,2.528623289,12,100,9.472147993,100,78.26982999,21.73017001
1543,43,110,214,381,725,70,4.222298115,2,72,7.568359288,100,68.66509533,31.33490467
1777,48,117,388,206,952,66,7.685164936,14,75,11.42017835,100,37.58982619,62.41017381
1780,54,143,366,230,903,84,4.409268261,7,93,10.10718411,100,62.32152044,37.67847956
1607,71,107,211,327,847,44,5.206733773,16,80,10.00662976,100,61.02327693,38.97672307
1441,82,127,284,273,632,43,5.040359161,16,84,8.06241007,100,66.1521898,33.8478102
1528,85,183,279,227,678,76,5.90604448,5,64,8.482235594,100,58.61960509,41.38039491
1589,88,84,462,434,434,87,1.889022506,8,87,9.233619598,100,80.46121465,19.53878535
1888,95,72,562,482,595,82,7.717773792,7,68,9.759058127,100,33.41392943,66.58607057
1604,60,88,420,476,507,53,2.896846848,2,89,8.294068067,100,75.04137006,24.95862994
1807,71,118,469,515,584,50,7.422707182,11,88,9.011968363,100,38.87585465,61.12414535
1675,54,61,573,422,519,46,2.39913016,9,93,11.7482301,100,76.40550002,23.59449998
1792,95,66,562,438,558,73,5.544371137,14,84,10.58181082,100,54.01882891,45.98117109
1795,47,70,596,471,528,83,7.557879292,5,91,9.15556315,100,38.18172081,61.81827919
1723,71,90,478,455,576,53,6.226594602,8,70,9.362434822,100,50.99167696,49.00832304
1787,54,101,467,594,510,61,5.084526116,18,82,8.240455575,100,57.66907963,42.33092037
1819,63,116,430,599,540,71,5.484749986,15,83,8.682359104,100,53.8478865,46.1521135
1709,51,108,427,475,595,53,1.688475154,11,66,8.405785552,100,80.10332031,19.89667969
1645,69,64,436,456,560,60,5.4479557,12,64,10.45374345,100,58.47497637,41.52502363
1801,96,81,432,594,537,61,2.46179179,14,93,9.674350226,100,74.4711845,25.5288155
1776,78,83,571,558,442,44,3.756074845,5,84,7.552967116,100,66.98749714,33.01250286
1877,75,119,513,483,597,90,3.954857499,3,87,10.91368925,100,63.37709471,36.62290529
1598,97,117,439,430,449,66,6.320272228,13,96,9.514399823,100,53.81866617,46.18133383
1670,54,81,442,553,500,40,1.565947376,3,62,9.417368272,100,81.0877723,18.9122277
1813,86,84,549,507,499,88,7.225415049,4,87,9.093753052,100,40.27699602,59.72300398
1737,70,63,514,476,574,40,6.593463051,14,83,9.262914576,100,47.80645289,52.19354711
1704,45,71,533,431,554,70,7.223927901,5,68,9.893380743,100,43.97887408,56.02112592
1806,59,86,485,533,589,54,2.543865897,14,92,11.16201988,100,73.82072518,26.17927482
1620,66,96,442,528,443,45,7.485550665,17,70,8.733069648,100,44.85353549,55.14646451
1768,50,61,548,529,494,86,3.262146212,18,78,9.501841985,100,70.17706211,29.82293789
1743,65,98,518,459,519,84,7.455441358,10,79,11.54563519,100,40.6045467,59.3954533
1547,40,78,454,469,424,82,2.313047027,15,60,7.331218897,100,79.02536957,20.97463043
1635,40,70,447,513,495,70,6.187521693,15,91,9.462727169,100,53.7264977,46.2735023
1697,91,78,454,431,591,52,5.353375917,11,71,6.954406358,100,58.05534516,41.94465484
1799,79,77,576,425,557,85,2.843377766,6,85,10.59835432,100,72.08176026,27.91823974
1664,97,111,444,539,426,47,6.184845753,9,85,8.350105556,100,52.92193329,47.07806671
1650,100,65,479,468,459,79,5.694852605,16,67,10.95695859,100,56.58820456,43.41179544
1875,47,118,468,581,582,79,2.501112296,4,74,11.50221446,100,72.95609759,27.04390241
1597,56,67,448,468,498,60,1.608422454,18,97,8.358427355,100,81.79119411,18.20880589
1846,95,79,472,579,561,60,5.49353025,9,77,7.302950208,100,53.19500957,46.80499043
1679,47,90,466,527,461,88,4.266845084,9,96,9.696485431,100,65.45901106,34.54098894
1535,54,100,420,434,476,51,2.69110654,12,62,7.750434053,100,77.24022439,22.75977561
1610,63,96,475,438,487,51,6.05150732,16,88,10.10057437,100,55.3553308,44.6446692
1737,85,68,432,516,554,82,6.548265473,9,86,9.360744536,100,48.10389749,51.89610251
1814,93,108,572,517,457,67,7.26954698,4,89,9.400103579,100,39.9399298,60.0600702
1738,89,84,478,488,550,49,2.899711995,14,94,10.50652004,100,72.70467756,27.29532244
1779,79,107,531,510,507,45,2.28501019,4,80,11.07516921,100,75.62586656,24.37413344
1765,47,106,558,517,450,87,4.312020863,9,97,9.172466804,100,63.32420572,36.67579428
1650,76,85,442,483,518,46,1.628444202,12,68,10.10619472,100,80.96188113,19.03811887
1918,60,120,556,537,579,66,3.381471619,13,63,8.696434283,100,66.85455576,33.14544424
1770,58,60,461,541,597,53,7.244453946,6,75,8.999513808,100,41.67619033,58.32380967
1821,49,75,515,567,550,65,7.816891662,10,85,9.75053082,100,35.03135284,64.96864716
1705,46,67,523,504,487,78,7.679658543,9,96,10.23499085,100,40.27488095,59.72511905
1720,40,119,489,492,512,68,6.089184144,17,78,10.51399291,100,51.84376377,48.15623623
1833,68,89,547,486,590,53,7.060109355,10,99,9.78021771,100,40.88596055,59.11403945
1747,64,74,516,476,548,69,7.408976543,11,90,10.23923722,100,40.92622994,59.07377006
1673,59,65,493,471,534,51,1.916382986,2,69,9.409550082,100,79.29003685,20.70996315
1613,46,74,445,479,482,87,2.757544709,3,86,10.69839173,100,75.42981051,24.57018949
1828,46,108,428,593,565,88,6.635289155,3,96,8.972714368,100,44.6875667,55.3124333
1668,83,120,480,459,482,44,5.453508486,18,91,9.211055907,100,57.92718677,42.07281323
1655,66,95,436,465,527,66,3.958223366,17,85,9.607478952,100,67.89854967,32.10145033
1606,44,116,429,432,523,62,5.811402842,10,97,8.178734985,100,57.1613838,42.8386162
1929,95,94,552,597,526,65,1.823045474,6,61,8.899011359,100,76.70348694,23.29651306
1770,93,75,484,474,595,49,5.440866896,14,81,10.32150145,100,55.40754431,44.59245569
1742,92,101,562,517,420,50,6.009634543,3,64,9.318611956,100,52.05549534,47.94450466
1930,63,119,589,581,500,78,5.128893145,8,77,10.70082371,100,53.68046791,46.31953209
1644,72,65,463,534,440,70,3.926565894,3,97,10.03905019,100,68.21885804,31.78114196
1841,51,87,508,575,549,71,4.68945686,7,96,11.78988557,100,58.91952789,41.08047211
1794,69,69,556,563,472,65,2.226449558,11,63,9.019044606,100,76.04804628,23.95195372
1829,97,66,579,581,458,48,2.752450051,15,69,8.746626196,100,72.28430134,27.71569866
1911,100,72,586,540,554,59,2.672233068,3,86,8.469347266,100,71.70970122,28.29029878
1802,62,108,433,599,560,40,2.190701178,17,79,10.47115123,100,75.99703347,24.00296653
1792,93,60,543,538,494,64,7.116812332,13,96,10.54861675,100,41.78875637,58.21124363
1856,85,75,551,549,511,85,4.438370808,2,75,7.79424012,100,60.72409446,39.27590554
1699,47,119,572,431,470,60,4.71659107,14,91,10.44210479,100,62.04387244,37.95612756
1761,93,68,456,532,560,52,7.474170113,9,85,11.09952917,100,39.95627296,60.04372704
1790,87,111,501,529,484,78,3.717133458,9,75,8.349149777,100,66.93613117,33.06386883
1867,84,93,561,500,585,44,5.475204724,16,84,10.47093803,100,52.61695574,47.38304426
1797,59,95,544,576,458,65,6.229277105,11,100,9.951225302,100,48.71802089,51.28197911
1691,49,84,471,463,536,88,3.058050528,14,77,9.838938004,100,72.60997827,27.39002173
1728,41,61,564,439,544,79,7.411859944,11,67,9.869631335,100,41.71571073,58.28428927
1853,53,119,450,590,593,48,6.111548754,18,92,10.51263957,100,48.01927912,51.98072088
1779,78,76,513,580,451,81,3.243354922,11,62,10.22374707,100,70.0505439,29.9494561
1713,99,73,435,484,552,70,2.132213872,2,67,10.18716948,100,77.4465936,22.5534064
1744,52,80,479,531,527,75,7.433223694,2,78,9.056969874,100,41.0003486,58.9996514
1608,48,91,427,476,478,88,5.739478579,15,66,9.461989616,100,57.5893781,42.4106219
1793,71,87,508,539,511,77,4.680726585,9,68,10.01102851,100,60.15508613,39.84491387
1790,89,96,478,555,506,66,6.695613171,9,98,9.273828627,100,45.31744966,54.68255034
1605,83,68,525,455,431,43,4.256109463,4,79,10.65723962,100,66.99445249,33.00554751
1592,53,74,489,426,482,68,4.88119848,4,98,10.05034283,100,63.46496453,36.53503547
1639,72,115,536,447,429,40,1.934295909,11,82,10.44800804,100,79.4662442,20.5337558
1745,49,64,550,500,512,70,4.930129853,4,68,9.880417356,100,59.57274551,40.42725449
1773,94,91,572,461,497,58,2.292451064,6,96,7.005302983,100,76.05510981,23.94489019
1771,97,61,521,581,450,61,7.638474436,5,88,10.90118495,100,38.22091915,61.77908085
1905,98,71,541,553,568,74,5.18934125,16,73,10.61385974,100,53.81344284,46.18655716
1891,42,112,515,596,578,48,1.725499356,4,73,10.93899538,100,77.48409332,22.51590668
1751,80,110,466,559,494,42,1.877044298,9,74,9.86706161,100,78.43096608,21.56903392
2017,47,119,590,588,598,75,7.819952033,3,95,9.58620728,100,27.7473843,72.2526157
1872,97,98,579,442,567,89,3.913529201,3,88,9.577344533,100,63.95772517,36.04227483
1730,70,115,442,574,451,78,7.43278593,13,69,10.818319,100,41.32971433,58.67028567
1845,99,98,560,582,461,45,5.439413935,8,78,10.66614161,100,53.42991367,46.57008633
1649,79,96,449,495,486,44,4.259054913,14,93,9.928385093,100,66.06830742,33.93169258
1751,90,115,446,475,561,64,7.963208616,17,69,9.504871507,100,36.34089199,63.65910801
1913,82,76,592,584,502,77,7.208407891,18,82,8.187005372,100,37.19962678,62.80037322
1579,95,64,426,523,421,50,7.960313475,8,82,11.23285403,100,42.62912751,57.37087249
1988,81,112,577,582,572,64,6.649763182,5,60,12.03311962,100,39.37213152,60.62786848
1587,66,85,429,467,464,76,1.924670717,9,80,8.656608309,100,80.32161721,19.67838279
1720,55,63,538,470,548,46,2.27467872,4,87,9.54638285,100,76.7134821,23.2865179
1711,82,79,565,452,463,70,1.798285742,3,81,10.23074862,100,79.34686507,20.65313493
1715,81,74,450,575,479,56,6.821344428,12,95,10.11501506,100,46.57545926,53.42454074
1897,92,103,524,554,556,68,6.462789774,4,76,10.97194033,100,43.81926902,56.18073098
1750,85,73,495,563,492,42,5.857248885,11,92,11.56933232,100,52.74102334,47.25897666
1613,52,108,424,427,515,87,1.778608435,12,68,8.000198768,100,80.80213248,19.19786752
1722,41,85,527,455,564,50,5.40764873,12,84,11.57589541,100,56.61762088,43.38237912
1831,53,115,577,525,521,40,5.489971565,17,67,10.60324102,100,53.3714603,46.6285397
1800,51,94,539,544,484,88,2.895166288,16,65,8.572554991,100,72.01170113,27.98829887
1709,85,86,492,487,500,59,6.363766134,8,69,10.70107877,100,50.23878248,49.76121752
1690,40,113,458,543,447,89,4.361825015,12,62,8.070855439,100,64.77060856,35.22939144
1680,56,77,483,578,436,50,7.294153259,14,80,9.829095573,100,44.24132065,55.75867935
1792,41,88,464,586,549,64,3.784895565,14,72,8.844141657,100,66.35633948,33.64366052
1784,71,109,512,474,576,42,4.945429712,13,63,9.066314669,100,58.6764612,41.3235388
1648,64,67,587,421,453,56,7.355718009,9,89,10.1995439,100,44.73968075,55.26031925
1800,59,76,570,546,480,69,2.439489572,14,62,9.021238516,100,74.71532587,25.28467413
1908,66,77,542,591,560,72,3.215809295,6,71,9.502736811,100,68.09326689,31.90673311
1590,41,81,445,494,447,82,6.354307928,11,90,10.3642971,100,53.81778726,46.18221274
1693,78,80,470,498,483,84,2.142656991,15,90,8.367514908,100,77.82394803,22.17605197
1775,44,67,597,436,544,87,6.026920016,7,60,10.5739567,100,50.86432718,49.13567282
1877,94,107,571,478,554,73,7.248701749,2,65,9.658703073,100,37.90080939,62.09919061
1783,46,97,438,564,583,55,3.692919514,17,71,8.549554133,100,67.24142512,32.75857488
1782,46,95,577,544,463,57,1.544082618,10,71,11.5253154,100,79.69002068,20.30997932
1723,45,115,457,489,539,78,1.939222502,8,82,9.608653846,100,78.45039907,21.54960093
1818,69,70,485,579,554,61,4.86296845,18,67,8.452245327,100,58.50020343,41.49979657
1707,51,85,473,547,463,88,2.11299468,5,97,9.659797648,100,77.65592783,22.34407217
1637,55,118,460,491,460,53,2.506950478,11,72,11.14817107,100,76.34097993,23.65902007
1801,68,84,438,538,599,74,7.985283869,17,77,9.03096546,100,34.37210571,65.62789429
1857,78,102,575,488,548,66,5.75620859,12,77,10.69145447,100,50.69411955,49.30588045
1933,100,108,563,534,566,62,4.325393175,13,74,10.75683872,100,59.63218949,40.36781051
1807,80,119,589,524,434,61,2.323311543,10,94,9.79431464,100,75.16832597,24.83167403
1801,77,69,492,579,517,67,7.971602717,10,67,10.96153779,100,34.346772,65.653228
1660,58,99,472,466,484,81,2.694344362,6,78,9.195003992,100,75.2263116,24.7736884
1807,40,111,507,504,584,61,5.335413487,5,82,10.18744613,100,55.14420351,44.85579649
1806,77,70,492,516,578,73,6.043557602,3,82,10.55996365,100,49.88540153,50.11459847
1903,83,66,566,535,582,71,2.319162525,10,92,10.47527477,100,73.73147313,26.26852687
1747,76,73,540,448,560,50,5.709127762,10,76,10.05173298,100,54.01125934,45.98874066
1718,64,66,455,485,578,70,6.217392946,6,66,8.698338538,100,51.26191869,48.73808131
1586,92,74,450,424,478,68,3.82977964,17,70,9.989355804,100,69.91491211,30.08508789
1647,75,78,498,444,474,78,6.727609014,2,93,9.222434697,100,49.52680931,50.47319069
1825,55,106,582,460,541,81,3.251750068,18,61,9.760086659,100,69.18029797,30.81970203
1867,96,117,528,591,493,42,7.183049628,8,98,9.969014841,100,38.69847538,61.30152462
1763,92,106,482,489,527,67,1.707606664,16,72,7.785867344,100,79.3948358,20.6051642
1904,97,92,541,529,555,90,7.055436741,6,73,10.77115038,100,38.56977631,61.43022369
1759,98,104,553,451,484,69,7.072587682,18,89,9.31079782,100,43.301227,56.698773
1675,41,67,460,501,516,90,6.919211148,15,78,9.646590639,100,47.24570278,52.75429722
1578,51,104,451,439,476,57,7.870373622,2,89,10.46035145,100,43.38819657,56.61180343
1767,90,107,520,426,541,83,3.345463456,7,76,9.945028417,100,69.57352669,30.42647331
1781,94,97,492,484,537,77,3.844976599,6,62,9.887721357,100,66.09241846,33.90758154
1783,41,60,599,456,569,58,7.728140995,2,89,9.614250969,100,37.1136506,62.8863494
1308,82,935,60,64,88,79,2.215292802,15,78,1.744953315,100,82.71288695,17.28711305
1464,94,954,117,92,118,89,5.604022286,8,93,2.552066165,100,62.26573542,37.73426458
1345,96,889,110,120,82,48,6.994840616,17,81,3.054568647,100,57.352967,42.647033
1286,59,898,84,65,96,84,5.315872269,18,93,2.271385241,100,68.40229394,31.59770606
1429,73,999,89,101,89,78,3.446561946,17,82,2.603450091,100,75.0225095,24.9774905
1357,71,970,111,83,76,46,3.115163722,3,68,2.744162306,100,77.86440272,22.13559728
1282,48,919,104,86,72,53,5.108352566,2,88,2.425016709,100,69.61694336,30.38305664
1279,79,812,117,114,102,55,4.624916402,16,100,3.579744413,100,72.06206089,27.93793911
1407,62,991,116,118,72,48,1.99549138,10,74,2.53855757,100,82.32535507,17.67464493
1330,73,863,120,104,94,76,5.353974745,13,83,2.493939136,100,67.15049845,32.84950155
1215,78,827,82,112,75,41,4.275438629,17,100,2.835571599,100,75.10204577,24.89795423
1377,51,962,109,89,106,60,5.433427388,6,100,2.700347297,100,65.48621462,34.51378538
1243,86,826,114,73,83,61,2.501055771,10,89,2.397784739,100,82.40034006,17.59965994
1353,89,872,119,93,106,74,2.650604283,16,99,2.939927308,100,80.10691084,19.89308916
1299,88,905,96,73,82,55,6.925049065,16,68,1.911178682,100,59.29581394,40.70418606
1271,69,812,108,81,111,90,7.828982365,12,94,3.404424065,100,54.84610851,45.15389149
1302,80,903,113,63,88,55,3.81636987,2,79,2.783539554,100,75.54146522,24.45853478
1330,92,893,111,73,109,52,2.481822003,17,67,2.541233646,100,81.24173052,18.75826948
1350,95,903,120,83,72,77,7.596334585,11,100,2.939259363,100,53.44012844,46.55987156
1330,61,983,77,70,87,52,2.264276017,17,72,2.287386598,100,82.12307472,17.87692528
1321,74,938,114,76,64,55,5.499728697,13,60,2.568950456,100,66.57244294,33.42755706
1401,75,999,88,90,76,73,4.73920885,9,92,1.90525876,100,68.7944474,31.2055526
1294,49,842,102,118,98,85,3.449760399,12,76,3.450103914,100,77.40780575,22.59219425
1300,63,918,74,99,82,64,5.943034086,7,68,2.152935706,100,64.75617978,35.24382022
1220,53,850,75,74,86,82,3.669684037,6,76,2.513897495,100,77.71906867,22.28093133
1233,59,887,79,66,100,42,2.760183615,15,85,2.70831118,100,81.41676878,18.58323122
1216,45,835,60,95,103,78,4.744390027,6,68,2.189193373,100,72.99758757,27.00241243
1311,61,928,110,62,108,42,7.780087247,10,68,1.984380697,100,53.78377376,46.21622624
1154,72,801,69,76,62,74,3.268925478,17,72,2.251400935,100,80.6308964,19.3691036
1260,74,874,82,61,101,68,4.749669847,10,61,2.049810118,100,71.97910763,28.02089237
1266,40,814,103,108,115,86,6.643703237,6,91,2.820589583,100,61.85671724,38.14328276
1405,88,995,85,74,89,74,2.354709666,3,85,2.378798766,100,80.70965542,19.29034458
1322,69,889,108,92,100,64,7.644597029,4,94,2.404848268,100,54.17042479,45.82957521
1279,40,812,116,115,110,86,3.182210746,18,73,3.050011982,100,78.92744273,21.07255727
1248,66,811,86,111,97,77,6.550880889,13,87,2.640251642,100,62.90653264,37.09346736
1189,51,845,85,60,105,43,3.614515095,14,98,2.75229419,100,78.52607617,21.47392383
1288,61,931,89,83,79,45,5.028065839,12,77,1.97301601,100,69.84831949,30.15168051
1266,68,853,98,94,93,60,3.953370007,10,75,3.095754692,100,75.55793981,24.44206019
1302,64,911,96,90,95,46,2.391292855,6,77,2.446982628,100,82.02763649,17.97236351
1152,54,813,90,67,84,44,5.73243273,7,91,2.097838781,100,69.75516247,30.24483753
1282,78,853,114,78,103,56,3.725228906,11,89,3.023029967,100,76.36303626,23.63696374
1282,82,913,80,80,64,63,5.350262729,17,74,2.205269582,100,68.38167869,31.61832131
1396,82,941,91,97,105,80,5.217699996,8,86,2.85330256,100,66.20129069,33.79870931
1224,70,803,86,115,62,88,5.16660454,16,73,2.631227322,100,70.71820064,29.28179936
1255,54,870,94,93,85,59,3.904402949,5,67,2.092520712,100,76.06620978,23.93379022
1234,86,854,71,63,85,75,3.324734359,5,75,1.849447047,100,79.06977576,20.93022424
1399,63,953,116,102,119,46,5.085287758,2,100,2.787205536,100,66.86908352,33.13091648
1272,47,900,109,80,90,46,4.01452471,11,86,2.224349578,100,75.25248467,24.74751533
1325,56,905,92,113,117,42,4.850517597,8,83,2.89634102,100,69.85024441,30.14975559
1460,78,992,106,92,111,81,5.610118115,3,100,2.211012984,100,62.37472118,37.62527882
1342,64,906,115,80,100,77,6.444707096,12,65,2.402877611,100,60.74549363,39.25450637
1408,97,962,119,91,66,73,5.110451207,9,69,2.39527189,100,66.60427501,33.39572499
1299,41,915,94,105,64,80,7.070082929,18,67,2.05197216,100,58.47512234,41.52487766
1386,92,932,66,95,118,83,4.951030077,17,67,2.60639521,100,67.97523089,32.02476911
1408,80,995,77,92,116,48,6.06982378,6,90,1.898743377,100,61.04265882,38.95734118
1239,52,852,64,104,110,57,2.169274759,17,92,3.036688826,100,83.7369871,16.2630129
1258,99,853,112,82,68,44,5.828281275,16,65,2.377967886,100,66.55342689,33.44657311
1427,63,989,70,116,106,83,3.918440729,8,90,2.01508782,100,72.66444127,27.33555873
1419,71,975,83,113,92,85,2.19788434,9,84,1.94078553,100,81.26483812,18.73516188
1242,51,842,96,96,70,87,2.878297913,13,64,2.031732597,100,80.85731383,19.14268617
1328,81,856,107,118,101,65,2.811206921,10,62,2.989154051,100,79.76512732,20.23487268
1361,81,914,93,119,98,56,3.370383108,11,64,2.1844593,100,76.68454051,23.31545949
1282,69,857,96,80,118,62,7.122088395,18,81,3.009333396,100,58.61584742,41.38415258
1274,68,860,91,110,92,53,5.896493532,14,99,3.405946167,100,65.58491741,34.41508259
1281,91,856,107,92,69,66,2.713797884,7,74,2.342168737,100,80.99036936,19.00963064
1317,89,934,77,68,74,75,6.146629744,14,71,1.661849208,100,63.17373843,36.82626157
1278,81,856,95,97,109,40,4.741295688,18,62,3.156315344,100,71.54719963,28.45280037
1313,41,909,92,113,71,87,7.921137831,15,68,2.703678571,100,52.88576036,47.11423964
1252,63,848,89,102,68,82,3.652828779,12,100,2.369779084,100,77.2496987,22.7503013
1318,42,895,83,92,120,86,6.886748295,10,98,2.642120143,100,58.86759711,41.13240289
1291,93,861,85,109,82,61,6.573347037,10,60,2.703602276,100,61.54848873,38.45151127
1251,45,894,98,92,68,54,5.838738178,14,63,2.247723794,100,66.7046131,33.2953869
1380,95,967,83,104,77,54,6.667489001,17,100,2.059214958,100,58.24728394,41.75271606
1382,53,945,107,102,97,78,1.661475741,17,72,2.548609257,100,84.05910918,15.94089082
1221,41,894,62,86,69,69,3.641135535,2,80,1.810266434,100,77.89950805,22.10049195
1318,81,909,81,100,101,46,2.054722874,5,93,2.225590058,100,83.24512014,16.75487986
1339,74,927,84,75,117,62,7.591771241,11,78,2.405192977,100,53.93127436,46.06872564
1376,78,978,89,98,88,45,5.626450574,13,81,2.201986143,100,64.49073288,35.50926712
1255,97,802,70,106,110,70,2.201300005,9,64,3.131015191,100,83.42676013,16.57323987
1236,96,856,63,110,70,41,7.628574421,14,81,2.633606793,100,57.3595991,42.6404009
1234,51,847,72,75,117,72,5.013419776,7,91,2.809604051,100,71.19597477,28.80402523
1249,98,831,116,85,73,46,4.026954259,4,93,2.914822385,100,75.58943297,24.41056703
1239,58,886,100,83,68,44,5.039024989,3,70,2.191294778,100,70.96708323,29.03291677
1197,41,801,107,87,77,84,6.855243724,12,72,2.626131558,100,62.88524565,37.11475435
1230,85,829,60,67,115,74,3.350508614,12,86,2.00585414,100,79.01203833,20.98796167
1256,56,849,117,61,115,58,7.741478703,4,64,2.677728973,100,55.95141228,44.04858772
1385,93,932,76,100,99,85,7.698560098,3,87,2.153914709,100,51.64989401,48.35010599
1239,96,833,82,75,110,43,3.678620767,9,96,3.132152768,100,77.35413902,22.64586098
1326,48,922,100,111,90,55,5.107791444,12,71,2.364130717,100,68.58273244,31.41726756
1274,46,928,64,82,77,77,1.816975055,5,66,2.016118259,100,84.81516815,15.18483185
1293,95,855,65,107,100,71,6.42157871,6,62,1.765540581,100,62.38678944,37.61321056
1266,40,871,74,116,106,59,5.987202795,5,74,2.292430398,100,65.47007664,34.52992336
1322,55,893,80,106,108,80,6.042672376,12,88,3.006654013,100,63.46116824,36.53883176
1165,55,819,69,79,96,47,2.068581439,13,95,2.428225354,100,85.08788516,14.91211484
1150,81,829,63,68,60,49,1.550584495,15,62,1.945171268,100,87.2215399,12.7784601
1325,87,948,65,88,77,60,1.746088379,7,62,2.127564006,100,84.42371122,15.57628878
1301,60,889,66,103,104,79,7.163203911,14,77,1.768606242,100,57.82434302,42.17565698
1343,87,968,81,71,83,53,1.809195098,15,98,1.789758539,100,83.96539462,16.03460538
1327,69,881,104,78,109,86,3.406312101,6,60,2.304770083,100,77.07833026,22.92166974
1403,41,992,92,106,95,77,3.672376025,14,91,2.021278428,100,74.40525917,25.59474083
1202,65,811,95,78,84,69,7.012843919,10,73,2.437610527,100,61.86806283,38.13193717
1311,100,909,94,71,73,64,2.457829909,18,72,1.638477103,100,81.66291728,18.33708272
1206,63,818,119,71,70,65,7.589671564,6,68,3.036303426,100,58.55280744,41.44719256
1304,49,980,62,61,95,57,1.834607983,8,80,2.136117976,100,84.31204938,15.68795062
1340,96,957,74,95,72,46,7.375941853,13,68,1.834821396,100,55.29706833,44.70293167
1258,46,906,97,77,72,60,7.419803573,14,88,2.376376362,100,57.78020741,42.21979259
1281,70,854,101,105,83,68,2.552359054,17,74,2.52371168,100,81.65880759,18.34119241
1399,75,996,86,107,94,41,5.47554134,11,90,1.866912565,100,64.73686691,35.26313309
1261,62,900,109,74,61,55,4.149088944,5,81,2.198183729,100,74.78648443,25.21351557
1396,83,940,114,102,117,40,6.868531847,4,72,3.20004393,100,56.50749175,43.49250825
1398,79,957,89,84,113,76,1.722739752,10,93,2.46187852,100,83.66638023,16.33361977
1350,84,979,106,72,62,47,1.569357706,3,93,2.223150843,100,84.86428047,15.13571953
1357,50,950,80,78,109,90,2.336182788,5,89,2.057743999,100,81.48199992,18.51800008
1223,60,830,80,66,107,80,5.248045179,5,99,2.471489488,100,70.2898819,29.7101181
1309,51,879,80,116,111,72,2.014745536,5,84,2.949761922,100,83.46704995,16.53295005
1268,90,803,88,117,87,83,2.905882346,3,95,2.80086397,100,80.2997902,19.7002098
1292,40,863,92,110,101,86,4.321658328,2,81,3.129028561,100,73.29464825,26.70535175
1215,68,833,88,87,67,72,2.595330777,18,91,2.380444468,100,82.38446378,17.61553622
1322,74,861,106,100,117,64,4.278281726,4,96,2.194655339,100,72.92112757,27.07887243
1238,77,840,101,61,73,86,6.629820887,11,81,2.504388468,100,62.80266068,37.19733932
1369,100,959,89,67,72,82,4.966532178,3,91,1.832567033,100,68.30152743,31.69847257
1265,76,854,86,116,90,43,6.30199014,4,73,2.57475301,100,63.79268367,36.20731633
1329,43,928,114,81,100,63,4.419618116,4,87,2.651043724,100,72.05093043,27.94906957
1307,53,974,102,70,60,48,1.610701651,16,78,2.449528484,100,85.08700775,14.91299225
1193,52,838,72,103,75,53,7.360544227,14,68,2.210737033,100,60.28897769,39.71102231
1234,58,828,111,77,115,45,2.934379242,8,79,3.109082207,100,80.68891712,19.31108288
1210,82,823,81,78,78,68,3.345376708,10,85,2.118796349,100,79.37306722,20.62693278
1335,41,951,115,81,64,83,4.554666583,15,92,2.305196562,100,71.22699153,28.77300847
1319,94,892,74,71,111,77,5.072191195,17,63,2.046350984,100,68.94705915,31.05294085
1217,40,818,115,93,99,52,2.196074597,16,87,3.217945372,100,83.93119704,16.06880296
1247,67,805,91,120,104,60,2.013384771,12,85,3.017372786,100,84.30621393,15.69378607
1382,76,962,88,101,106,49,5.225669295,10,84,2.155241864,100,66.59595944,33.40404056
1272,46,873,110,67,99,77,6.504526008,9,85,2.373372512,100,62.50229666,37.49770334
1235,58,826,80,100,91,80,2.184677075,18,89,2.332867822,100,83.7686645,16.2313355
1368,77,931,96,108,97,59,1.93468074,6,83,3.248921612,100,83.02528751,16.97471249
1247,41,879,76,82,107,62,1.88944233,4,67,2.424063531,100,84.80026419,15.19973581
1304,59,904,99,91,100,51,1.811963212,11,62,3.01198163,100,84.33601414,15.66398586
1203,85,843,84,76,64,51,2.058476652,9,100,2.58109484,100,84.64171695,15.35828305
1355,82,985,89,90,60,49,4.849425536,16,79,2.096244257,100,69.26211534,30.73788466
1337,74,915,60,117,97,74,5.470368673,15,91,2.372843505,100,66.30964253,33.69035747
1252,60,863,83,113,92,41,6.067986628,10,77,2.869720304,100,65.37194358,34.62805642
1236,62,871,76,76,105,46,6.203923147,9,70,1.983212968,100,65.15282382,34.84717618
1371,43,938,104,111,93,82,3.47861989,7,92,2.594167705,100,75.92457735,24.07542265
1247,91,809,91,74,115,67,6.432228887,13,62,2.792395306,100,63.61374278,36.38625722
1352,90,873,108,113,101,67,7.071043604,2,64,2.430504568,100,56.74808663,43.25191337
1375,86,939,107,115,78,50,2.146707562,3,96,1.99324043,100,82.12329812,17.87670188
1278,99,828,110,113,64,64,5.31680446,11,62,2.714068114,100,68.69765472,31.30234528
1383,84,967,111,62,115,44,6.269289908,15,90,2.453422727,100,60.53879051,39.46120949
1375,54,943,107,95,113,63,4.894298827,2,94,2.580946499,100,68.48113094,31.51886906
1326,44,874,109,118,120,61,3.189749209,13,100,2.84359441,100,78.09718605,21.90281395
1232,83,832,79,109,73,56,3.699896186,9,77,2.945182287,100,77.39147119,22.60852881
1303,65,929,78,77,86,68,3.790146084,3,78,2.092288885,100,75.67025695,24.32974305
1398,71,989,98,103,85,52,2.347762805,5,65,1.769687825,100,80.90480414,19.09519586
1244,58,817,85,82,112,90,6.713834614,14,98,2.657509959,100,62.09884458,37.90115542
1387,62,988,102,74,105,56,3.8213786,18,62,2.060181623,100,73.94159677,26.05840323
1349,91,858,118,104,112,66,4.7031613,5,75,2.554440881,100,70.20121407,29.79878593
1344,40,976,111,80,65,72,7.740099821,13,62,2.049639272,100,52.89450118,47.10549882
1297,45,919,78,107,99,49,7.5323408,16,76,2.649566773,100,55.82159558,44.17840442
1257,86,811,103,71,120,66,2.383056428,11,71,2.324765279,100,82.7347679,17.2652321
1364,79,921,71,112,92,89,3.264840972,8,82,2.305471269,100,77.10175182,22.89824818
1389,72,960,99,88,93,77,7.669026506,12,71,2.375915013,100,51.68439317,48.31560683
1369,95,911,105,101,68,89,2.28508533,6,81,2.684484798,100,81.5203564,18.4796436
1340,82,849,98,118,104,89,1.995375697,3,77,3.065328147,100,83.17159944,16.82840056
1273,59,932,90,69,78,45,4.913122965,9,91,2.228218361,100,70.74810969,29.25189031
1341,78,971,89,61,74,68,5.913179326,16,95,2.344428156,100,63.71755352,36.28244648
1386,96,952,80,113,92,53,4.58302854,4,64,1.978991446,100,70.034779,29.965221
1244,76,839,108,108,65,48,1.792572714,4,66,2.818458922,100,85.20171189,14.79828811
1300,47,921,89,92,73,78,3.613140138,6,84,2.594290609,100,76.56854681,23.43145319
1288,78,931,80,89,60,50,2.794240849,16,70,1.550317362,100,80.52309607,19.47690393
1325,98,890,114,88,95,40,1.939010681,7,95,3.15746535,100,83.56618805,16.43381195
1323,85,932,77,92,63,74,4.199452285,4,89,1.995797482,100,73.26818736,26.73181264
1257,92,822,103,93,91,56,4.5331514,8,97,2.954444046,100,72.97497023,27.02502977
1305,86,860,111,101,80,67,3.578230556,13,66,2.777913279,100,76.6547828,23.3452172
1291,69,940,91,77,60,54,3.079349747,2,94,2.109314122,100,79.13131765,20.86868235
1356,87,926,64,100,91,88,2.5081004,5,87,2.445074717,100,80.71039611,19.28960389
1309,70,906,105,76,74,78,6.236665955,8,60,2.329194832,100,62.88287105,37.11712895
1322,74,872,69,114,115,78,2.580341343,8,99,2.854403499,100,80.88328236,19.11671764
1299,53,911,63,85,103,84,4.725461728,13,74,1.867212939,100,71.19480351,28.80519649
1399,54,996,117,119,64,49,4.52231831,15,84,2.16462764,100,69.98235765,30.01764235
1362,49,925,116,119,104,49,4.990996788,9,77,3.106187994,100,68.31206495,31.68793505
1239,45,861,100,72,119,42,2.338889328,14,95,2.237188794,100,83.15948531,16.84051469
1430,88,976,107,102,85,72,5.666064256,8,80,2.039141698,100,62.84612653,37.15387347
1217,87,807,93,95,75,60,3.974874812,9,63,2.171502123,100,76.50385434,23.49614566
1253,99,913,72,65,63,41,3.46193142,10,93,2.158248732,100,78.09615081,21.90384919
1299,60,905,67,87,120,60,5.119242897,16,73,2.36014325,100,69.147851,30.852149
1289,82,827,115,83,92,90,3.404248164,11,62,2.712946872,100,77.75860326,22.24139674
1217,50,847,77,62,93,88,6.814699497,9,99,2.40171593,100,62.38549204,37.61450796
1202,63,843,94,73,69,60,3.069309445,13,92,2.041552232,100,80.65436415,19.34563585
1336,74,910,80,120,69,83,4.251255847,2,60,1.729980042,100,72.81019283,27.18980717
1285,47,911,108,85,65,69,4.907956355,2,92,2.515098089,100,70.58013094,29.41986906
1266,67,865,94,60,93,87,2.313505754,16,86,2.146988903,100,82.85464991,17.14535009
1276,82,907,72,69,84,62,3.635091735,15,79,1.711959869,100,76.95103097,23.04896903
1185,72,800,82,86,98,47,7.523837251,7,99,2.929800383,100,59.59543003,40.40456997
1246,77,839,68,106,99,57,4.120259577,2,83,2.227471501,100,75.27136869,24.72863131
1409,100,936,117,98,99,59,4.232350383,9,62,2.983696938,100,71.36508584,28.63491416
1239,63,857,71,117,84,47,5.354931441,14,61,2.110589335,100,69.44772238,30.55227762
1303,45,899,107,68,102,82,1.698356568,11,82,2.360065185,100,84.93620935,15.06379065
1270,73,881,116,81,66,53,1.531289766,8,81,2.769905368,100,85.86007444,14.13992556
1290,90,863,96,88,100,53,6.785220719,12,66,2.756501441,100,60.37519062,39.62480938
1438,55,990,111,111,107,64,5.991868136,18,71,2.876585923,100,60.55704183,39.44295817
1270,99,869,76,79,80,67,7.539698749,2,94,2.337057051,100,56.68027116,43.31972884
1250,75,875,61,69,90,80,7.453085088,13,71,1.889689224,100,57.88952901,42.11047099
1320,47,954,87,104,66,62,7.573111066,15,91,2.021968334,100,54.72543765,45.27456235
1273,92,879,87,71,64,80,7.061293936,17,82,1.784710072,100,59.34937939,40.65062061
1362,84,955,69,108,70,76,4.512223206,16,92,1.799795757,100,70.88323914,29.11676086
1401,63,1000,80,115,102,41,4.060128876,15,63,2.577564204,100,72.42860993,27.57139007
1400,90,931,113,112,106,48,5.899885322,8,79,2.725737579,100,62.24108705,37.75891295
1292,97,851,62,110,102,70,4.807814765,3,63,2.169462453,100,70.98237746,29.01762254
1252,55,875,104,107,60,51,4.978600339,2,68,2.200299724,100,70.91992134,29.08007866
1364,82,939,112,77,99,55,6.086751902,16,62,2.20418274,100,62.21065741,37.78934259
1278,89,806,93,110,117,63,6.575128592,16,98,3.18585721,100,61.86622291,38.13377709
1212,68,820,63,112,64,85,4.895596891,5,62,2.299189587,100,72.32067734,27.67932266
1274,81,897,109,64,61,62,4.360328707,7,76,1.865630903,100,73.56518969,26.43481031
1300,69,853,95,91,119,73,6.752240931,2,65,2.230728801,100,60.25701929,39.74298071
1245,81,861,81,104,66,52,2.066433373,9,94,2.221905122,100,84.1546892,15.8453108
1210,79,807,107,60,83,74,5.316668255,7,77,2.537447227,100,70.33533175,29.66466825
1295,81,856,110,77,83,88,4.325935455,4,61,2.330086999,100,73.2943588,26.7056412
1206,53,864,73,61,101,54,7.286408363,17,94,2.1938683,100,60.18411381,39.81588619
1287,69,832,85,112,100,89,3.348931019,3,61,2.140175403,100,78.05671226,21.94328774
1375,54,941,78,119,112,71,4.177542216,15,76,2.684919003,100,72.27242612,27.72757388
1318,93,930,63,117,63,52,3.496241818,12,96,2.079097609,100,76.77414203,23.22585797
1364,47,992,110,69,83,63,4.187940373,4,75,2.571584136,100,72.47476754,27.52523246
1405,88,982,85,64,115,71,7.191748141,18,90,2.586251681,100,54.16108173,45.83891827
1326,73,955,63,62,95,78,5.272621745,18,90,1.736556471,100,67.67210957,32.32789043
1413,84,984,61,110,111,63,4.983768871,11,67,1.929966384,100,67.22039352,32.77960648
1373,67,979,64,98,109,56,1.991638453,4,75,2.461909134,100,82.78080756,17.21919244
1294,96,884,92,102,63,57,7.129519727,11,81,2.670574819,100,58.22298409,41.77701591
1442,82,966,93,115,115,71,1.542543218,2,92,2.520350271,100,83.93761223,16.06238777
1319,49,948,98,96,74,54,7.310097433,7,97,2.871855153,100,56.25080428,43.74919572
1249,49,902,93,91,67,47,5.315142154,7,92,2.090899761,100,69.38078359,30.61921641
1245,51,843,86,94,115,56,6.008746686,15,76,3.161343831,100,65.87421957,34.12578043
1232,73,814,84,107,94,60,5.522842472,5,71,2.167721318,100,68.76545865,31.23454135
1288,77,848,108,103,105,47,4.051159093,3,81,3.238917187,100,74.69375907,25.30624093
1236,81,833,101,64,94,63,6.300364209,15,60,2.253496668,100,64.67300838,35.32699162
1370,90,984,76,78,65,77,4.321743877,2,87,1.688954312,100,71.70601115,28.29398885
1178,74,805,73,107,77,42,5.535642625,8,89,2.665925088,100,70.03038977,29.96961023
1341,58,930,81,115,83,74,5.649165072,13,88,2.454110834,100,65.1626317,34.8373683
1392,99,951,115,97,88,42,2.796060006,13,90,2.727528139,100,78.85943276,21.14056724
1182,43,863,79,90,63,44,6.57925558,15,84,2.317408058,100,64.76095589,35.23904411
1374,55,998,67,92,83,79,6.585833572,16,69,1.912764033,100,58.85541599,41.14458401
1356,43,977,111,94,88,43,3.847310037,17,97,2.220830193,100,74.39535405,25.60464595
1249,42,858,114,69,120,46,6.312615109,10,75,2.676924099,100,64.20120948,35.79879052
1402,86,982,99,91,102,42,3.906035775,13,79,2.460154388,100,73.1940345,26.8059655
1363,75,988,63,100,66,71,5.872028442,4,96,2.019255726,100,63.39149468,36.60850532
1282,98,836,64,120,86,78,1.71004991,10,92,2.459981674,100,85.12184131,14.87815869
1386,42,982,98,94,105,65,7.168752366,18,97,2.678061755,100,54.95528006,45.04471994
1204,79,822,91,89,64,59,2.411549401,13,95,2.375630709,100,83.30723623,16.69276377
1373,81,966,102,81,89,54,6.613261641,4,93,2.305468047,100,58.78292517,41.21707483
1223,73,815,88,111,84,52,6.472021978,11,70,3.096805823,100,64.08535787,35.91464213
1251,45,862,118,98,72,56,3.897896818,14,82,3.022596968,100,76.14943098,23.85056902
1194,44,816,78,112,88,56,7.316479107,10,74,2.806619029,100,60.51302094,39.48697906
1181,59,809,78,86,97,52,5.882134957,11,78,2.404937521,100,68.24364364,31.75635636
1208,81,816,103,78,74,56,7.238183023,17,94,2.577052332,100,60.42868193,39.57131807
1222,90,807,76,78,100,71,3.128664248,4,71,2.268861578,100,80.10439332,19.89560668
1251,44,873,120,72,77,65,3.292924801,18,89,2.261111309,100,78.93372611,21.06627389
1310,75,906,99,84,75,71,4.055691459,13,85,1.70072383,100,74.28619361,25.71380639
1385,77,951,113,114,64,66,6.435272164,5,85,1.932991201,100,59.53248785,40.46751215
1292,85,949,76,66,62,54,6.677981951,7,61,1.510117845,100,60.94156217,39.05843783
1337,92,883,105,64,118,75,5.573556413,11,86,2.190463162,100,65.79805467,34.20194533
1245,54,873,101,62,102,53,6.281567547,10,70,2.762951779,100,64.41809846,35.58190154
1388,47,983,87,115,77,79,5.049742737,9,95,1.948923151,100,67.40648939,32.59351061
1411,93,979,112,101,84,42,2.884784683,15,62,2.80376066,100,78.1485712,21.8514288
1256,65,842,106,74,114,55,1.590734704,8,69,3.190264356,100,85.78755299,14.21244701
1323,54,925,74,87,107,76,6.206776668,18,67,2.784851183,100,62.57180354,37.42819646
1261,86,892,83,66,87,47,6.2959099,17,70,2.41731153,100,63.94526408,36.05473592
1310,88,862,105,96,78,81,3.972713699,17,72,2.28121218,100,74.7008319,25.2991681
1334,49,946,72,105,112,50,5.332288019,15,96,2.449452492,100,67.14045646,32.85954354
1341,62,996,62,80,99,42,5.486449841,10,89,2.010009708,100,66.09027399,33.90972601
1363,99,924,117,82,73,68,3.05180587,16,65,2.34614958,100,78.11483578,21.88516422
1344,49,934,80,97,107,77,3.327166385,16,82,2.81554641,100,77.09976748,22.90023252
1328,87,902,61,119,74,85,1.889354203,5,90,2.443251958,100,83.79234873,16.20765127
1318,61,931,70,97,85,74,1.908160527,3,78,2.092057409,100,83.82663114,16.17336886
1256,44,853,111,101,89,58,7.268461642,4,67,2.78261336,100,58.74305966,41.25694034
1417,97,923,120,89,119,69,2.987449217,15,68,2.754721655,100,77.58505737,22.41494263
1222,67,820,70,99,108,58,2.260612358,4,69,2.326162652,100,83.67389145,16.32610855
1271,76,903,114,71,65,42,7.33464627,14,72,1.980468557,100,57.86997443,42.13002557
1314,69,887,91,91,88,88,5.93767728,10,61,2.765888614,100,64.36791689,35.63208311
1299,72,891,108,73,78,77,3.485971827,14,95,2.426446451,100,77.13884815,22.86115185
1228,94,862,77,63,63,69,4.132778755,6,78,1.970304213,100,75.56779378,24.43220622
1269,90,802,88,110,114,65,3.758057296,7,94,2.719285305,100,76.46179118,23.53820882
1198,61,810,82,82,77,86,5.189769027,15,94,2.158746765,100,71.18732702,28.81267298
1296,40,914,119,92,63,68,4.265969318,12,87,2.921471796,100,73.4913725,26.5086275
1402,41,976,88,119,94,84,4.36376024,3,69,2.292068364,100,70.83865547,29.16134453
1231,44,814,119,91,108,55,2.264136064,4,69,2.666403504,100,83.55136025,16.44863975
1273,85,841,100,73,87,87,4.655282554,9,64,2.414102704,100,72.10949607,27.89050393
1227,67,843,73,114,78,52,2.460223911,12,83,1.909856913,100,82.81496062,17.18503938
1313,91,919,80,72,98,53,2.278230377,13,96,2.256818491,100,82.3425225,17.6574775
1361,79,955,85,69,90,83,2.548814741,15,100,2.41376476,100,80.4310702,19.5689298
1367,76,955,95,101,86,54,4.398533489,10,87,2.153903554,100,71.38544598,28.61455402
1314,52,966,72,89,78,57,7.771962345,14,100,2.14611333,100,53.62974165,46.37025835
1228,73,808,92,110,94,51,1.695788098,14,98,2.683902611,100,85.77176376,14.22823624
1261,89,813,78,108,87,86,1.9227815,8,73,2.181804192,100,84.52890739,15.47109261
1210,55,801,81,114,105,54,4.289913999,8,82,2.835958105,100,75.09560216,24.90439784
1271,84,878,69,68,115,57,2.559215473,3,67,2.033822056,100,81.8081177,18.1918823
1454,96,965,101,88,114,90,7.167200207,15,66,2.502776617,100,52.79726499,47.20273501
1289,43,878,85,100,98,85,6.861023185,13,61,2.666818078,100,60.01026694,39.98973306
1268,91,876,87,64,61,89,5.499766597,16,85,2.123639276,100,67.95882196,32.04117804
1198,40,831,76,79,103,69,7.568675748,6,66,2.084028192,100,59.02788214,40.97211786
1129,40,806,82,70,78,53,5.25264468,2,81,2.129423518,100,72.60701087,27.39298913
1359,91,885,95,106,92,90,5.296142546,11,72,2.704574917,100,66.74416266,33.25583734
793,40,435,61,115,71,71,3.456531125,16,155,3.319856742,100,86.10524162,13.89475838
795,94,366,91,70,97,77,6.093747148,16,176,4.580764356,100,77.79358334,22.20641666
668,51,251,101,84,117,64,4.576591816,18,194,4.305651808,100,85.53046819,14.46953181
659,89,269,99,75,67,60,2.735152494,16,170,4.57138209,100,90.13497937,9.865020634
837,98,341,120,112,78,88,2.213441774,17,153,3.942993047,100,88.86780483,11.13219517
851,59,437,100,66,104,85,2.262279593,15,155,3.352821915,100,88.54233543,11.45766457
702,76,323,75,72,71,85,2.162633327,16,150,4.415628778,100,90.78933982,9.210660179
705,93,275,95,89,111,42,5.545771799,17,182,5.288426608,100,81.95303948,18.04696052
639,50,216,75,115,119,64,5.104354435,16,187,5.802749746,100,84.83947234,15.16052766
627,64,239,106,81,87,50,4.825832728,18,157,6.62856772,100,85.78236973,14.21763027
621,51,258,81,84,73,74,2.821888494,18,187,4.510230082,100,90.5484624,9.4515376
905,86,489,94,97,82,57,4.30582334,18,198,4.247655481,100,81.17457794,18.82542206
668,40,288,62,108,103,67,4.916588638,16,180,4.225413608,100,84.64340533,15.35659467
707,69,281,104,119,82,52,2.871157883,16,179,5.776935655,100,89.02866264,10.97133736
669,83,230,87,102,80,87,1.623106093,18,162,5.248098123,100,92.38186677,7.618133226
781,83,292,110,109,115,72,7.559205444,16,182,4.849205039,100,73.20105055,26.79894945
761,45,355,113,84,94,70,2.270062022,18,182,5.099461133,100,89.70428271,10.29571729
715,97,256,90,69,116,87,4.044685003,16,153,3.76659059,100,85.98845635,14.01154365
788,91,398,107,81,71,40,7.165199866,15,156,4.549735035,100,74.35215662,25.64784338
813,50,442,94,88,81,58,3.64153683,16,154,4.198700197,100,85.15964843,14.84035157
735,62,336,63,111,77,86,3.165993751,18,169,4.02270793,100,87.87341168,12.12658832
706,88,299,104,94,60,61,5.503781112,17,153,4.313399836,100,82.09482019,17.90517981
711,82,333,85,69,92,50,6.597148295,18,151,4.759893724,100,78.68617966,21.31382034
628,98,237,72,69,109,43,6.151791609,17,188,5.814735349,100,82.35402036,17.64597964
594,40,212,113,87,86,56,5.389718141,16,175,7.083563326,100,85.24155196,14.75844804
788,92,365,87,111,81,52,6.133468205,18,197,4.123414336,100,77.87533057,22.12466943
714,86,310,93,73,75,77,2.377230239,17,152,5.010921131,100,90.0984112,9.901588803
565,47,264,78,61,72,43,4.245634484,17,166,4.128515183,100,88.54844159,11.45155841
763,75,274,117,94,113,90,5.636791425,18,150,4.557859127,100,80.24269325,19.75730675
698,90,255,83,115,92,63,4.609445844,15,198,4.523685746,100,84.76029818,15.23970182
704,91,234,117,101,78,83,5.548031633,15,164,6.236537849,100,81.97304744,18.02695256
794,58,420,76,97,77,66,5.931967985,17,198,4.237704881,100,78.31938927,21.68061073
530,78,202,73,64,69,44,6.336137057,16,187,3.842838563,100,84.80896088,15.19103912
641,66,252,71,71,116,65,1.966675141,16,156,5.200583737,100,91.99022494,8.009775058
704,63,334,81,68,109,49,2.701194245,15,190,5.501914689,100,89.4426803,10.5573197
732,76,307,93,107,94,55,4.140921679,16,192,4.467652577,100,85.32467312,14.67532688
765,67,356,65,107,103,67,7.485969078,18,173,5.33109314,100,73.95930309,26.04069691
829,73,386,85,111,93,81,5.967601408,17,187,3.687073508,100,77.28997868,22.71002132
771,52,434,61,66,71,87,7.085859618,15,166,2.521467322,100,75.18535867,24.81464133
915,82,495,69,98,99,72,1.702626173,18,178,3.799569438,100,89.26554015,10.73445985
834,84,394,111,91,83,71,4.014940765,16,200,3.8377856,100,83.617966,16.382034
632,61,204,61,111,117,78,4.981105348,17,180,4.798299563,100,85.34824117,14.65175883
611,84,245,63,92,62,65,4.702664251,17,199,5.420408291,100,86.47089932,13.52910068
831,75,464,71,72,68,81,4.593939766,17,160,2.801403313,100,81.88898537,18.11101463
912,63,496,72,107,111,63,7.307669182,15,187,4.000384737,100,69.61332878,30.38667122
586,40,204,65,108,93,76,6.681506725,15,184,6.868636606,100,82.24880367,17.75119633
796,94,377,110,89,63,63,1.582497335,15,161,4.080242426,100,90.9777105,9.022289499
736,86,318,76,81,116,59,7.416042915,18,166,4.208566016,100,75.25448259,24.74551741
875,95,419,114,109,87,51,3.048394927,17,174,3.814088943,100,85.87008657,14.12991343
683,46,320,117,73,70,57,3.347291938,16,153,5.309144919,100,88.28202772,11.71797228
827,40,476,82,85,95,49,4.332279353,16,181,4.194416474,100,82.73406332,17.26593668
748,72,322,93,104,77,80,5.777003633,16,151,3.907994692,100,80.19088704,19.80911296
747,93,348,85,93,75,53,4.565923011,16,153,4.796182967,100,83.76867122,16.23132878
699,87,304,107,62,81,58,5.274051638,18,160,5.479455255,100,82.8590596,17.1409404
780,42,321,118,96,116,87,7.884600807,16,156,5.168312029,100,72.07062887,27.92937113
591,68,202,112,88,69,52,5.002942205,18,188,4.822145352,100,86.26555242,13.73444758
833,100,416,82,94,83,58,2.834091185,16,152,3.586140254,100,87.21118633,12.78881367
728,99,275,77,111,108,58,6.330324788,16,171,5.012147038,100,79.0152975,20.9847025
901,68,416,118,92,117,90,3.266318322,16,168,4.845326159,100,84.67536222,15.32463778
625,56,240,64,111,80,74,3.864677013,15,173,5.404505158,100,88.13132807,11.86867193
700,54,304,118,78,69,77,5.317878163,15,155,4.413004065,100,82.76337395,17.23662605
675,55,318,74,95,63,70,3.637456322,15,164,4.023748594,100,87.73238017,12.26761983
874,88,395,115,96,104,76,7.105666177,16,152,4.080833058,100,71.77390389,28.22609611
861,69,482,68,100,71,71,7.479154164,18,185,3.178276918,100,70.65657691,29.34342309
902,79,467,120,104,90,42,4.366351685,17,181,4.650596511,100,81.03697427,18.96302573
726,41,378,94,60,95,58,7.078926055,18,155,4.898686514,100,76.64157716,23.35842284
847,66,430,120,75,114,42,7.860768448,15,151,4.934893741,100,69.6787972,30.3212028
757,79,334,68,68,119,89,6.24209895,16,166,3.620320642,100,78.48718828,21.51281172
650,50,307,114,64,65,50,6.414250315,17,171,5.19131678,100,81.02270327,18.97729673
734,97,333,81,70,90,63,3.277308328,17,181,3.914360388,100,87.60763254,12.39236746
632,44,237,85,107,95,64,7.271230885,18,153,6.061815485,100,79.21737262,20.78262738
897,67,450,108,86,98,88,2.670477982,18,151,3.847167311,100,86.66792815,13.33207185
637,44,233,64,120,96,80,3.232191132,17,183,5.786816326,100,89.38436595,10.61563405
725,53,373,61,62,116,60,6.875943731,18,193,3.858641801,100,77.29654858,22.70345142
800,41,474,69,65,103,48,3.077085694,17,190,4.502146922,100,86.93279866,13.06720134
872,92,468,95,69,70,78,4.613058935,18,158,3.468689572,100,80.92395758,19.07604242
803,66,365,81,120,82,89,5.776868629,17,198,4.367394711,100,78.62769705,21.37230295
628,58,211,96,110,95,58,6.555954242,16,151,6.15368049,100,81.30551442,18.69448558
734,95,356,69,68,63,83,2.25746919,18,157,3.050334202,100,90.17458639,9.825413609
671,78,293,88,72,60,80,7.538663173,16,199,4.701782541,100,77.0459029,22.9540971
842,60,427,114,103,75,63,1.598394219,17,168,3.911962247,100,90.42374638,9.576253624
748,82,389,75,62,92,48,5.501839271,16,197,4.107589197,100,80.96123058,19.03876942
852,53,448,79,89,106,77,7.163333882,17,176,3.729125134,100,72.21528236,27.78471764
730,95,315,102,101,67,50,3.119416104,17,182,3.957879155,100,88.10109281,11.89890719
888,71,473,67,117,116,44,7.296936004,16,196,4.116501747,100,70.41492561,29.58507439
692,84,247,106,65,119,71,3.598605059,18,171,6.188290037,100,87.47916391,12.52083609
753,64,321,107,75,112,74,2.76195245,18,195,4.299720882,100,88.60412884,11.39587116
715,73,316,100,60,109,57,2.705905386,15,199,4.578152846,100,89.31977667,10.68022333
782,62,406,66,62,113,73,7.732809725,17,186,4.326397304,100,72.45458947,27.54541053
700,40,327,73,100,90,70,4.242647084,17,181,4.063928901,100,85.70131223,14.29868777
780,92,379,61,116,60,72,2.393106622,15,160,4.199415313,100,89.14381567,10.85618433
663,52,230,114,110,113,44,4.922269138,16,190,6.366056327,100,84.70730897,15.29269103
802,94,355,90,75,119,69,2.606457454,18,185,5.084123381,100,88.24401423,11.75598577
739,91,363,101,75,67,42,1.769349424,15,199,4.268488776,100,91.22275265,8.777247347
677,92,247,97,92,71,78,6.395717553,18,195,4.122415618,100,80.30015818,19.69984182
956,82,494,114,99,119,48,2.488413444,16,181,4.402283932,100,86.34535663,13.65464337
684,82,239,107,63,109,84,5.577764793,18,175,4.714850871,100,82.45076033,17.54923967
745,84,351,99,62,71,78,5.448059707,18,160,2.983476734,100,81.28754219,18.71245781
933,95,486,91,103,108,50,6.368838987,18,165,3.810366916,100,72.85031025,27.14968975
656,62,252,107,80,79,76,5.520736482,15,155,4.266446355,100,83.33477014,16.66522986
670,99,277,94,81,79,40,6.555410908,16,179,4.379900252,100,80.04874068,19.95125932
852,58,455,92,110,66,71,7.256969923,16,184,4.568848736,100,71.77875726,28.22124274
694,84,225,98,109,110,68,3.19608502,15,178,6.046535903,100,88.45150852,11.54849148
786,52,458,63,73,62,78,6.599458321,15,163,2.625342067,100,76.3913163,23.6086837
743,84,342,83,112,63,59,7.472121279,18,185,5.279517605,100,74.73880987,25.26119013
973,94,485,117,120,84,73,1.796929086,17,157,4.175107044,100,88.28553669,11.71446331
797,84,385,106,77,72,73,5.545383745,17,191,4.231757055,100,79.57368366,20.42631634
752,56,407,97,64,71,57,6.729727847,16,197,4.027836828,100,76.88860616,23.11139384
618,94,206,112,74,86,46,4.231326117,15,165,5.333148326,100,87.46730785,12.53269215
664,68,272,85,107,62,70,6.535737948,15,160,4.445679968,100,80.29884011,19.70115989
670,92,205,109,107,71,86,4.199946958,18,154,5.343996083,100,86.45489527,13.54510473
725,69,267,93,101,110,85,7.274557805,17,184,4.998900019,100,76.04702853,23.95297147
618,41,257,114,83,66,57,4.097759378,16,172,5.272799537,100,87.75605889,12.24394111
784,100,298,73,117,109,87,3.119091905,17,159,4.951257497,100,87.17424342,12.82575658
866,97,486,61,76,64,82,7.215167648,18,186,2.807326977,100,71.58259699,28.41740301
895,44,462,102,111,101,75,5.277648625,16,170,4.924723919,100,77.97987828,22.02012172
851,52,430,97,118,90,64,5.318190544,16,195,4.452821028,100,78.89674879,21.10325121
621,45,295,87,69,63,62,7.86734622,16,179,4.452920963,100,77.87050399,22.12949601
685,72,281,106,118,67,41,2.794658451,17,164,4.660256803,100,89.59904361,10.40095639
912,84,489,105,64,112,58,1.918495743,15,171,3.074053791,100,88.72387922,11.27612078
724,100,303,74,60,115,72,6.611516721,16,190,5.096942851,100,78.20008623,21.79991377
910,93,438,104,84,120,71,6.366656184,17,190,4.288654474,100,73.47894256,26.52105744
659,93,248,68,99,108,43,2.687700418,16,168,5.698750424,100,90.20730661,9.792693395
602,89,225,60,82,85,61,1.569596488,15,162,4.698495145,100,93.29301266,6.706987339
638,75,261,93,73,93,43,4.529042332,17,173,5.40494607,100,86.28105937,13.71894063
673,89,275,90,62,98,59,2.854487598,15,193,4.712976611,100,89.6259241,10.3740759
732,78,332,96,97,87,42,3.658324755,18,165,4.353135674,100,86.64533145,13.35466855
860,93,456,99,90,64,58,6.310603606,16,186,3.743803731,100,75.15826076,24.84173924
804,88,406,60,90,120,40,7.091173274,17,161,4.385259165,100,74.06979039,25.93020961
763,59,403,95,74,82,50,2.172248924,17,152,3.406330967,100,89.98182491,10.01817509
893,85,460,61,111,109,67,7.007544201,16,163,4.229323631,100,71.44914212,28.55085788
549,40,205,87,73,82,62,5.415839974,16,172,5.509906319,100,86.34766264,13.65233736
832,90,386,100,97,75,84,3.866275432,16,153,4.091020443,100,84.14573531,15.85426469
779,63,336,99,104,98,79,3.874159397,17,150,5.003267866,100,85.12190011,14.87809989
843,73,449,79,74,102,66,2.155605205,15,151,3.68892243,100,88.92273228,11.07726772
712,47,374,71,90,80,50,1.679874024,15,164,4.369602363,100,91.75007527,8.249924731
684,91,307,79,69,83,55,2.498611367,18,155,4.322199905,100,90.27902568,9.720974322
665,42,314,93,64,73,79,3.319235253,18,191,3.886742113,100,88.7104988,11.2895012
931,85,479,91,92,100,84,6.756688845,15,182,3.038214067,100,71.3284465,28.6715535
876,93,462,90,92,61,78,6.04419306,15,159,3.337011357,100,75.75597471,24.24402529
824,81,425,78,109,78,53,5.293157804,16,188,3.939135953,100,79.72392164,20.27607836
824,52,428,99,111,72,62,6.46269104,16,163,3.868555023,100,75.69733419,24.30266581
706,77,273,94,101,88,73,2.180886171,16,187,5.491479929,100,90.66646688,9.333533119
705,45,323,98,106,91,42,7.066855031,17,191,4.38571512,100,77.38791725,22.61208275
716,52,297,96,119,87,65,6.578249045,18,172,5.237843799,100,78.53238884,21.46761116
698,79,301,99,62,112,45,6.459529849,18,199,3.923918748,100,79.47323563,20.52676437
850,94,432,108,73,71,72,3.966735368,15,198,4.003541858,100,83.44253375,16.55746625
775,85,367,71,102,78,72,4.788431385,17,155,3.729595996,100,82.5366696,17.4633304
918,80,485,111,68,101,73,4.680730155,18,162,3.920851085,100,79.63578266,20.36421734
903,67,460,118,109,103,46,4.325692306,16,176,4.454174346,100,81.15006809,18.84993191
